park_id,resource_type,geometry
774,Bottle Filling Station,"c(-79.4461230209045, 43.7119805089016)"
593,Bottle Filling Station,"c(-79.4980988701947, 43.7622229747298)"
3697,Bottle Filling Station,"c(-79.3883900768583, 43.6662793014498)"
1000,Bottle Filling Station,"c(-79.5847001471413, 43.7517241988724)"
306,Bottle Filling Station,"c(-79.347306009579, 43.6757069806248)"
1470,Bottle Filling Station,"c(-79.1940386754819, 43.7791575875844)"
263,Bottle Filling Station,"c(-79.4027289449922, 43.6534690608432)"
263,Drinking Fountain,"c(-79.4027289449922, 43.6534690608432)"
245,Bottle Filling Station,"c(-79.3994126874146, 43.697211674627)"
2443,Bottle Filling Station,"c(-79.3245020425961, 43.7158479737785)"
467,Bottle Filling Station,"c(-79.4054297320715, 43.6340903588196)"
145,Bottle Filling Station,"c(-79.3264773809881, 43.6788470986144)"
811,Bottle Filling Station,"c(-79.555212122096, 43.6964833263435)"
689,Bottle Filling Station,"c(-79.3534776325057, 43.7992664108368)"
3660,Bottle Filling Station,"c(-79.3627217149245, 43.6449153703529)"
836,Bottle Filling Station,"c(-79.4488490903355, 43.6994120086874)"
3635,Bottle Filling Station,"c(-79.3288106864228, 43.7736936272126)"
170,Bottle Filling Station,"c(-79.4719120043275, 43.6591441907211)"
204,Bottle Filling Station,"c(-79.3936202589783, 43.6441971057676)"
379,Bottle Filling Station,"c(-79.3406433592806, 43.6533768968288)"
31,Bottle Filling Station,"c(-79.4038180220775, 43.650715012719)"
229,Bottle Filling Station,"c(-79.3946732501665, 43.680589725488)"
1431,Bottle Filling Station,"c(-79.3920989345496, 43.6521052834915)"
1431,Drinking Fountain,"c(-79.3920989345496, 43.6521052834915)"
1431,Dog Fountain,"c(-79.3920989345496, 43.6521052834915)"
1431,Bottle Filling Station,"c(-79.3919455175443, 43.652142809271)"
1431,Bottle Filling Station,"c(-79.3917603869808, 43.652561126216)"
431,Bottle Filling Station,"c(-79.3106841115754, 43.6645865829372)"
629,Bottle Filling Station,"c(-79.4297136108489, 43.6920326468851)"
348,Bottle Filling Station,"c(-79.4432175813896, 43.6481122042163)"
348,Drinking Fountain,"c(-79.4432175813896, 43.6481122042163)"
857,Bottle Filling Station,"c(-79.5086016557231, 43.616448413574)"
373,Bottle Filling Station,"c(-79.4019058668715, 43.6867070428127)"
836,Bottle Filling Station,"c(-79.4464257820624, 43.6998864104157)"
22,Bottle Filling Station,"c(-79.5779681514099, 43.7521542512196)"
259,Bottle Filling Station,"c(-79.4571682545679, 43.6721515143003)"
259,Drinking Fountain,"c(-79.4571682545679, 43.6721515143003)"
1508,Bottle Filling Station,"c(-79.6157560219455, 43.731544321655)"
155,Bottle Filling Station,"c(-79.3437244177319, 43.6603572810684)"
148,Bottle Filling Station,"c(-79.3604690371936, 43.654550561337)"
148,Drinking Fountain,"c(-79.3604690371936, 43.654550561337)"
2723,Bottle Filling Station,"c(-79.4082838755871, 43.6779094366766)"
2723,Drinking Fountain,"c(-79.4082838755871, 43.6779094366766)"
2619,Bottle Filling Station,"c(-79.4006342527504, 43.63441848745)"
2619,Drinking Fountain,"c(-79.4006342527504, 43.63441848745)"
2619,Dog Fountain,"c(-79.4006342527504, 43.63441848745)"
934,Bottle Filling Station,"c(-79.3672283101139, 43.7061284596332)"
425,Bottle Filling Station,"c(-79.3501212874834, 43.7024093814224)"
425,Drinking Fountain,"c(-79.3501212874834, 43.7024093814224)"
311,Bottle Filling Station,"c(-79.3078724591142, 43.6629708205514)"
427,Bottle Filling Station,"c(-79.2847908792474, 43.6702283146049)"
1,Bottle Filling Station,"c(-79.308907241625, 43.6587808920137)"
219,Bottle Filling Station,"c(-79.296222664356, 43.6669675001015)"
2175,Bottle Filling Station,"c(-79.4385773790112, 43.6706430266477)"
708,Bottle Filling Station,"c(-79.2312453117692, 43.8037309032023)"
223,Bottle Filling Station,"c(-79.3835926608499, 43.6598385375494)"
772,Bottle Filling Station,"c(-79.4377483888692, 43.7071662386506)"
1007,Bottle Filling Station,"c(-79.5465810690937, 43.7030476856902)"
1007,Drinking Fountain,"c(-79.5465810690937, 43.7030476856902)"
1007,Dog Fountain,"c(-79.5465810690937, 43.7030476856902)"
1057,Bottle Filling Station,"c(-79.2927116261305, 43.6941327109857)"
220,Drinking Fountain,"c(-79.300093880365, 43.6893078283521)"
60,Bottle Filling Station,"c(-79.4337008800867, 43.6467143067875)"
60,Drinking Fountain,"c(-79.4337008800867, 43.6467143067875)"
834,Bottle Filling Station,"c(-79.4539800627035, 43.6883699888142)"
834,Drinking Fountain,"c(-79.4539800627035, 43.6883699888142)"
228,Bottle Filling Station,"c(-79.3049909853556, 43.6821194970498)"
228,Drinking Fountain,"c(-79.3049909853556, 43.6821194970498)"
181,Bottle Filling Station,"c(-79.474067675139, 43.6450779000829)"
181,Bottle Filling Station,"c(-79.4737523909128, 43.6444901456748)"
935,Bottle Filling Station,"c(-79.5450401573127, 43.6336024978722)"
1097,Bottle Filling Station,"c(-79.4307579760202, 43.6614325322015)"
2020,Bottle Filling Station,"c(-79.5357012540148, 43.6396247077173)"
3693,Bottle Filling Station,"c(-79.4775065558573, 43.7341685381514)"
3693,Drinking Fountain,"c(-79.4775065558573, 43.7341685381514)"
125,Bottle Filling Station,"c(-79.4625674538028, 43.6589358851768)"
125,Drinking Fountain,"c(-79.4625674538028, 43.6589358851768)"
406,Bottle Filling Station,"c(-79.1921945183492, 43.7463400605262)"
204,Bottle Filling Station,"c(-79.3935021267033, 43.6439053783239)"
204,Dog Fountain,"c(-79.3935021267033, 43.6439053783239)"
311,Bottle Filling Station,"c(-79.3079868960311, 43.6628022727954)"
71,Bottle Filling Station,"c(-79.4657201032082, 43.6351724313907)"
484,Bottle Filling Station,"c(-79.4807741941734, 43.7069469002031)"
2818,Bottle Filling Station,"c(-79.4651815501724, 43.6368604271895)"
550,Bottle Filling Station,"c(-79.2612180467407, 43.6953740830156)"
2016,Bottle Filling Station,"c(-79.2950406218545, 43.6916386243212)"
204,Dog Fountain,"c(-79.3935546848481, 43.6440373963935)"
353,Bottle Filling Station,"c(-79.3161449220367, 43.6985948461861)"
543,Bottle Filling Station,"c(-79.2550713844408, 43.7590516094245)"
698,Bottle Filling Station,"c(-79.3043592501736, 43.8032300760222)"
67,Bottle Filling Station,"c(-79.3197672437598, 43.6646129214473)"
2556,Bottle Filling Station,"c(-79.504416537236, 43.7131804875432)"
2519,Bottle Filling Station,"c(-79.3841718184626, 43.6719250074994)"
688,Bottle Filling Station,"c(-79.493077649639, 43.716269601681)"
2179,Bottle Filling Station,"c(-79.4040463599085, 43.6574552330849)"
2179,Drinking Fountain,"c(-79.4040463599085, 43.6574552330849)"
158,Bottle Filling Station,"c(-79.4020517200731, 43.6560488156218)"
2339,Bottle Filling Station,"c(-79.3984821628996, 43.6568371012617)"
459,Bottle Filling Station,"c(-79.3415859772642, 43.6412976338098)"
459,Bottle Filling Station,"c(-79.3417198013687, 43.641274514614)"
250,Bottle Filling Station,"c(-79.4158986294454, 43.6708739497648)"
250,Drinking Fountain,"c(-79.4158986294454, 43.6708739497648)"
295,Bottle Filling Station,"c(-79.4192708143008, 43.6618883243317)"
295,Bottle Filling Station,"c(-79.4179983018392, 43.6602823769829)"
715,Bottle Filling Station,"c(-79.4826216440376, 43.6900121739827)"
341,Bottle Filling Station,"c(-79.3584033815972, 43.7883944239161)"
937,Drinking Fountain,"c(-79.3504920685181, 43.7812124557035)"
763,Bottle Filling Station,"c(-79.3158460461913, 43.7356504337942)"
2092,Bottle Filling Station,"c(-79.5076912369408, 43.7480283421126)"
641,Bottle Filling Station,"c(-79.3476202941945, 43.7830731196573)"
467,Bottle Filling Station,"c(-79.4048629030909, 43.6345616251365)"
2619,Bottle Filling Station,"c(-79.3995185331499, 43.6331922774473)"
2619,Drinking Fountain,"c(-79.3995185331499, 43.6331922774473)"
493,Bottle Filling Station,"c(-79.3547113067681, 43.8079988788953)"
493,Drinking Fountain,"c(-79.3547113067681, 43.8079988788953)"
194,Bottle Filling Station,"c(-79.3819203001536, 43.6605657792948)"
194,Drinking Fountain,"c(-79.3819203001536, 43.6605657792948)"
202,Bottle Filling Station,"c(-79.2944186870878, 43.7296655294458)"
335,Bottle Filling Station,"c(-79.4476261473233, 43.6368801606251)"
335,Drinking Fountain,"c(-79.4476261473233, 43.6368801606251)"
277,Bottle Filling Station,"c(-79.3755522888512, 43.6477749718222)"
408,Bottle Filling Station,"c(-79.3725026074668, 43.6511840694314)"
300,Bottle Filling Station,"c(-79.3718146877968, 43.6664242556017)"
471,Bottle Filling Station,"c(-79.4308348395807, 43.6304441333237)"
471,Drinking Fountain,"c(-79.4308348395807, 43.6304441333237)"
3715,Bottle Filling Station,"c(-79.3755438210559, 43.6545715587647)"
3715,Drinking Fountain,"c(-79.3755438210559, 43.6545715587647)"
3715,Dog Fountain,"c(-79.3755438210559, 43.6545715587647)"
3741,Bottle Filling Station,"c(-79.3290506546912, 43.7743215125447)"
3741,Drinking Fountain,"c(-79.3290506546912, 43.7743215125447)"
2036,Bottle Filling Station,"c(-79.2807158844275, 43.7475946907297)"
2725,Bottle Filling Station,"c(-79.3736397172968, 43.6187325721533)"
2725,Drinking Fountain,"c(-79.3736397172968, 43.6187325721533)"
2725,Bottle Filling Station,"c(-79.3723645043731, 43.6169645534951)"
2725,Drinking Fountain,"c(-79.3723645043731, 43.6169645534951)"
978,Bottle Filling Station,"c(-79.2853923888306, 43.6926359682783)"
344,Bottle Filling Station,"c(-79.36168527473, 43.6662709292599)"
344,Drinking Fountain,"c(-79.36168527473, 43.6662709292599)"
344,Bottle Filling Station,"c(-79.3606628807145, 43.6667058293797)"
344,Drinking Fountain,"c(-79.3606628807145, 43.6667058293797)"
3742,Bottle Filling Station,"c(-79.3434506791694, 43.7800823103762)"
3742,Drinking Fountain,"c(-79.3434506791694, 43.7800823103762)"
3738,Bottle Filling Station,"c(-79.3320972637388, 43.7742047109685)"
3738,Drinking Fountain,"c(-79.3320972637388, 43.7742047109685)"
3739,Bottle Filling Station,"c(-79.38625063256, 43.7999325104505)"
1051,Bottle Filling Station,"c(-79.2842222538912, 43.701045193082)"
733,Bottle Filling Station,"c(-79.2839946698319, 43.6972617077137)"
1496,Bottle Filling Station,"c(-79.2790953083871, 43.6928803661664)"
77,Bottle Filling Station,"c(-79.4660993090496, 43.6528661489142)"
77,Drinking Fountain,"c(-79.4660993090496, 43.6528661489142)"
77,Dog Fountain,"c(-79.4660993090496, 43.6528661489142)"
741,Bottle Filling Station,"c(-79.2534381544156, 43.7095414957177)"
1017,Bottle Filling Station,"c(-79.2555284331617, 43.7142155871391)"
2441,Bottle Filling Station,"c(-79.3223434740459, 43.6516028098282)"
1100,Bottle Filling Station,"c(-79.2510163055825, 43.6997162998745)"
3671,Bottle Filling Station,"c(-79.2793436898017, 43.7180913187347)"
2155,Bottle Filling Station,"c(-79.2565035891839, 43.7738536169048)"
543,Bottle Filling Station,"c(-79.2552002635988, 43.7562137780297)"
856,Bottle Filling Station,"c(-79.5148478667909, 43.6336427577722)"
121,Bottle Filling Station,"c(-79.3954298486177, 43.6914200172395)"
121,Drinking Fountain,"c(-79.3954298486177, 43.6914200172395)"
393,Bottle Filling Station,"c(-79.4160185759705, 43.6833458648558)"
393,Drinking Fountain,"c(-79.4160185759705, 43.6833458648558)"
798,Bottle Filling Station,"c(-79.592458255241, 43.659618258022)"
73,Drinking Fountain,"c(-79.4183686908528, 43.6590708689315)"
73,Dog Fountain,"c(-79.4183686908528, 43.6590708689315)"
982,Drinking Fountain,"c(-79.4535652481643, 43.7228347534362)"
678,Drinking Fountain,"c(-79.4253666394538, 43.726951604814)"
265,Drinking Fountain,"c(-79.3920063140451, 43.7292079434182)"
265,Dog Fountain,"c(-79.3920063140451, 43.7292079434182)"
659,Drinking Fountain,"c(-79.4212126534532, 43.7809481598705)"
2147,Drinking Fountain,"c(-79.4124996422704, 43.7818683483889)"
644,Drinking Fountain,"c(-79.4225294798914, 43.7915826189632)"
67,Drinking Fountain,"c(-79.3198517797466, 43.6653895289883)"
521,Drinking Fountain,"c(-79.3836965339925, 43.8027172413457)"
276,Bottle Filling Station,"c(-79.3071122283356, 43.7098036332993)"
276,Drinking Fountain,"c(-79.3071122283356, 43.7098036332993)"
594,Bottle Filling Station,"c(-79.2049627841657, 43.7386418216678)"
127,Bottle Filling Station,"c(-79.3158057600934, 43.6752347821592)"
127,Drinking Fountain,"c(-79.3158057600934, 43.6752347821592)"
3628,Bottle Filling Station,"c(-79.3850050885105, 43.7053392662359)"
378,Bottle Filling Station,"c(-79.4414482006721, 43.6533807000531)"
378,Drinking Fountain,"c(-79.4414482006721, 43.6533807000531)"
200,Bottle Filling Station,"c(-79.4084871515109, 43.6843617970928)"
200,Drinking Fountain,"c(-79.4084871515109, 43.6843617970928)"
200,Dog Fountain,"c(-79.4084871515109, 43.6843617970928)"
421,Bottle Filling Station,"c(-79.3151590299608, 43.6983630663549)"
1026,Bottle Filling Station,"c(-79.3974632021107, 43.7642382374807)"
640,Bottle Filling Station,"c(-79.3999799730403, 43.7613640886258)"
665,Bottle Filling Station,"c(-79.4557814460992, 43.7619210071364)"
665,Drinking Fountain,"c(-79.4557814460992, 43.7619210071364)"
665,Dog Fountain,"c(-79.4557814460992, 43.7619210071364)"
190,Bottle Filling Station,"c(-79.4557447414831, 43.6573783535461)"
590,Bottle Filling Station,"c(-79.2100085104548, 43.7879038676446)"
426,Bottle Filling Station,"c(-79.3008436342218, 43.7006429842604)"
426,Drinking Fountain,"c(-79.3008436342218, 43.7006429842604)"
429,Bottle Filling Station,"c(-79.2976035253034, 43.7036022917691)"
257,Bottle Filling Station,"c(-79.4701170059898, 43.6667422670111)"
3609,Bottle Filling Station,"c(-79.5336430688776, 43.5957790818955)"
2247,Bottle Filling Station,"c(-79.4530252244366, 43.7156051009718)"
2247,Drinking Fountain,"c(-79.4530252244366, 43.7156051009718)"
2247,Dog Fountain,"c(-79.4530252244366, 43.7156051009718)"
431,Bottle Filling Station,"c(-79.3121039658203, 43.6648567153536)"
168,Bottle Filling Station,"c(-79.3822227259347, 43.6937360452336)"
3790,Bottle Filling Station,"c(-79.4530395147607, 43.6604866877723)"
161,Bottle Filling Station,"c(-79.4141228819865, 43.6758334935077)"
448,Bottle Filling Station,"c(-79.4207974924396, 43.7189049754936)"
711,Bottle Filling Station,"c(-79.4218953900386, 43.7304187293818)"
77,Bottle Filling Station,"c(-79.467595057652, 43.6511308116651)"
1470,Bottle Filling Station,"c(-79.1971769065812, 43.7777649220111)"
2753,Bottle Filling Station,"c(-79.4018706038707, 43.7214764654284)"
2753,Drinking Fountain,"c(-79.4018706038707, 43.7214764654284)"
1470,Bottle Filling Station,"c(-79.2017678517562, 43.77764123812)"
798,Bottle Filling Station,"c(-79.5850914405518, 43.6534186796919)"
208,Bottle Filling Station,"c(-79.4136261736727, 43.6907237683801)"
208,Drinking Fountain,"c(-79.4136261736727, 43.6907237683801)"
337,Bottle Filling Station,"c(-79.4306749698349, 43.7562602268272)"
78,Bottle Filling Station,"c(-79.3881567806541, 43.7009938054932)"
2103,Bottle Filling Station,"c(-79.3980505894124, 43.6774996325237)"
2103,Drinking Fountain,"c(-79.3980505894124, 43.6774996325237)"
174,Bottle Filling Station,"c(-79.3397995649141, 43.6568157882309)"
167,Bottle Filling Station,"c(-79.3899386509036, 43.6766309619168)"
167,Drinking Fountain,"c(-79.3899386509036, 43.6766309619168)"
427,Bottle Filling Station,"c(-79.2897582856394, 43.6689235876093)"
427,Drinking Fountain,"c(-79.2897582856394, 43.6689235876093)"
167,Bottle Filling Station,"c(-79.3911267623614, 43.6762115390482)"
167,Drinking Fountain,"c(-79.3911267623614, 43.6762115390482)"
167,Bottle Filling Station,"c(-79.3962522906885, 43.6758292210299)"
167,Drinking Fountain,"c(-79.3962522906885, 43.6758292210299)"
167,Bottle Filling Station,"c(-79.3948043189732, 43.676197456878)"
77,Bottle Filling Station,"c(-79.4576691120211, 43.6433434237751)"
167,Bottle Filling Station,"c(-79.3924166424586, 43.6767896288218)"
167,Drinking Fountain,"c(-79.3924166424586, 43.6767896288218)"
77,Bottle Filling Station,"c(-79.4575697621891, 43.6442812319155)"
375,Bottle Filling Station,"c(-79.3909592714556, 43.6725902934157)"
1009,Bottle Filling Station,"c(-79.5271718418708, 43.6558840533081)"
845,Bottle Filling Station,"c(-79.5205017407153, 43.6576711533278)"
2674,Bottle Filling Station,"c(-79.3924481863973, 43.6648834357317)"
2674,Drinking Fountain,"c(-79.3924481863973, 43.6648834357317)"
77,Bottle Filling Station,"c(-79.4668116144535, 43.64276820327)"
93,Bottle Filling Station,"c(-79.4021812650708, 43.66941308872)"
93,Drinking Fountain,"c(-79.4021812650708, 43.66941308872)"
93,Dog Fountain,"c(-79.4021812650708, 43.66941308872)"
93,Bottle Filling Station,"c(-79.334707405287, 43.6918137974457)"
3,Bottle Filling Station,"c(-79.5147466207548, 43.6715588811134)"
145,Bottle Filling Station,"c(-79.3253989410806, 43.6773208772916)"
307,Bottle Filling Station,"c(-79.3786272059284, 43.6996577343619)"
307,Drinking Fountain,"c(-79.3786272059284, 43.6996577343619)"
2598,Bottle Filling Station,"c(-79.3858622696314, 43.7670091327449)"
2283,Bottle Filling Station,"c(-79.3168299221036, 43.6634602740029)"
306,Bottle Filling Station,"c(-79.3481684212604, 43.676039765922)"
114,Bottle Filling Station,"c(-79.3414286132817, 43.6804749508524)"
114,Drinking Fountain,"c(-79.3414286132817, 43.6804749508524)"
3733,Bottle Filling Station,"c(-79.3494986211099, 43.6787731956712)"
3733,Drinking Fountain,"c(-79.3494986211099, 43.6787731956712)"
71,Bottle Filling Station,"c(-79.4687322695819, 43.6338073675783)"
71,Drinking Fountain,"c(-79.4687322695819, 43.6338073675783)"
1449,Bottle Filling Station,"c(-79.3657103683898, 43.6845315468058)"
1449,Drinking Fountain,"c(-79.3657103683898, 43.6845315468058)"
1449,Dog Fountain,"c(-79.3657103683898, 43.6845315468058)"
2663,Bottle Filling Station,"c(-79.4732011939659, 43.6726216496475)"
2663,Drinking Fountain,"c(-79.4732011939659, 43.6726216496475)"
1501,Bottle Filling Station,"c(-79.3542564854109, 43.7134204921742)"
832,Bottle Filling Station,"c(-79.4809409271624, 43.6713601247299)"
832,Drinking Fountain,"c(-79.4809409271624, 43.6713601247299)"
376,Drinking Fountain,"c(-79.417047544861, 43.641831578984)"
376,Dog Fountain,"c(-79.417047544861, 43.641831578984)"
343,Bottle Filling Station,"c(-79.3567611726158, 43.6724348288965)"
540,Bottle Filling Station,"c(-79.1400297529208, 43.781180930298)"
1094,Bottle Filling Station,"c(-79.134602320406, 43.7762958413766)"
1448,Bottle Filling Station,"c(-79.4926770135721, 43.6709919643275)"
1448,Drinking Fountain,"c(-79.4926770135721, 43.6709919643275)"
831,Bottle Filling Station,"c(-79.4775143605207, 43.6759820233069)"
831,Drinking Fountain,"c(-79.4775143605207, 43.6759820233069)"
2308,Drinking Fountain,"c(-79.4181241281401, 43.7260158001511)"
1044,Drinking Fountain,"c(-79.3697243020333, 43.7812476605407)"
2404,Drinking Fountain,"c(-79.4107582971031, 43.7772418657923)"
2238,Drinking Fountain,"c(-79.4283023127123, 43.7235252826233)"
131,Drinking Fountain,"c(-79.4228255863443, 43.7050559846556)"
2725,Drinking Fountain,"c(-79.3718964972067, 43.618241737487)"
2725,Drinking Fountain,"c(-79.3732195315379, 43.6174651193868)"
2725,Drinking Fountain,"c(-79.3722952774592, 43.6168853078436)"
2543,Drinking Fountain,"c(-79.3752497449743, 43.6228672714286)"
2543,Drinking Fountain,"c(-79.3765769490939, 43.6224243305976)"
729,Drinking Fountain,"c(-79.3405199122692, 43.7914629276777)"
129,Drinking Fountain,"c(-79.5028828732757, 43.7165964214487)"
685,Drinking Fountain,"c(-79.4415220506486, 43.7856240584659)"
865,Drinking Fountain,"c(-79.4075285513575, 43.7662403090869)"
663,Drinking Fountain,"c(-79.5258409470241, 43.7652220222162)"
2274,Drinking Fountain,"c(-79.4782429147419, 43.7296570560731)"
205,Drinking Fountain,"c(-79.3905223438711, 43.6505419917366)"
68,Drinking Fountain,"c(-79.4156402003632, 43.6548697689845)"
332,Drinking Fountain,"c(-79.4065616516621, 43.6629365363952)"
2710,Drinking Fountain,"c(-79.3551447414912, 43.6555498597884)"
2181,Drinking Fountain,"c(-79.431292767641, 43.7601725602685)"
337,Drinking Fountain,"c(-79.4341192792899, 43.7544480520584)"
28,Drinking Fountain,"c(-79.3627613972242, 43.7230735748667)"
71,Drinking Fountain,"c(-79.4650692910483, 43.6355488884137)"
745,Drinking Fountain,"c(-79.4923288428358, 43.7290410502511)"
71,Drinking Fountain,"c(-79.4610497688238, 43.6367472519489)"
1457,Drinking Fountain,"c(-79.5128353164078, 43.7623715992868)"
338,Drinking Fountain,"c(-79.364755584235, 43.649319164171)"
2543,Drinking Fountain,"c(-79.3732181502104, 43.621637044812)"
540,Drinking Fountain,"c(-79.1400090515946, 43.7806763417143)"
698,Drinking Fountain,"c(-79.3093374046061, 43.8069959212961)"
241,Drinking Fountain,"c(-79.4151576782649, 43.6493656835304)"
241,Dog Fountain,"c(-79.4151576782649, 43.6493656835304)"
865,Drinking Fountain,"c(-79.4040644543493, 43.7632025481248)"
956,Drinking Fountain,"c(-79.4136545243663, 43.7679261007329)"
449,Drinking Fountain,"c(-79.4071692149844, 43.7572353516186)"
11,Drinking Fountain,"c(-79.4638976748888, 43.7799544336404)"
645,Drinking Fountain,"c(-79.561351846848, 43.7525113396301)"
683,Drinking Fountain,"c(-79.5450431200993, 43.7495598342136)"
761,Drinking Fountain,"c(-79.5160321727785, 43.7423082307228)"
798,Drinking Fountain,"c(-79.5864135656906, 43.6503500108831)"
840,Drinking Fountain,"c(-79.58139872334, 43.661613512044)"
873,Drinking Fountain,"c(-79.5594188335949, 43.6636071335105)"
484,Drinking Fountain,"c(-79.4807823563901, 43.7069543546299)"
611,Drinking Fountain,"c(-79.5257687537956, 43.7024166659847)"
1466,Drinking Fountain,"c(-79.4979067526631, 43.6997136897461)"
2523,Drinking Fountain,"c(-79.4924211014386, 43.6869242521422)"
723,Drinking Fountain,"c(-79.5192991429763, 43.7135024407036)"
20,Drinking Fountain,"c(-79.3827903814354, 43.6632272784146)"
2698,Drinking Fountain,"c(-79.3889111593664, 43.67595912476)"
370,Drinking Fountain,"c(-79.3734534320018, 43.6773302720357)"
370,Dog Fountain,"c(-79.3734534320018, 43.6773302720357)"
338,Drinking Fountain,"c(-79.3694142895838, 43.6484460008432)"
440,Drinking Fountain,"c(-79.3852165286797, 43.6687232924659)"
377,Drinking Fountain,"c(-79.3835311627672, 43.6544190763108)"
841,Drinking Fountain,"c(-79.5797464939452, 43.7271691307271)"
874,Drinking Fountain,"c(-79.5420648154462, 43.6874090450926)"
960,Drinking Fountain,"c(-79.5513338167458, 43.6922710452614)"
1923,Drinking Fountain,"c(-79.4935178366302, 43.6554452759664)"
37,Drinking Fountain,"c(-79.4805516924247, 43.6665051278087)"
247,Drinking Fountain,"c(-79.4756635162812, 43.6407853621359)"
536,Drinking Fountain,"c(-79.5567589273992, 43.7453928913091)"
559,Drinking Fountain,"c(-79.5218988708831, 43.7454136359194)"
1104,Drinking Fountain,"c(-79.400035445137, 43.713144513923)"
2370,Drinking Fountain,"c(-79.3264566787057, 43.7750936495654)"
215,Drinking Fountain,"c(-79.3214966114824, 43.7457029372719)"
2440,Drinking Fountain,"c(-79.3677368386552, 43.7847871206614)"
494,Drinking Fountain,"c(-79.3294112226151, 43.7834397535431)"
1748,Drinking Fountain,"c(-79.2419965833328, 43.7052120633468)"
2207,Drinking Fountain,"c(-79.4367085107962, 43.714196758253)"
637,Drinking Fountain,"c(-79.5081868430899, 43.7357697889135)"
2373,Drinking Fountain,"c(-79.451745712054, 43.7062662062145)"
349,Drinking Fountain,"c(-79.5067821712998, 43.7441669726253)"
571,Drinking Fountain,"c(-79.297162690722, 43.73363260032)"
543,Drinking Fountain,"c(-79.2553063666319, 43.7576399045592)"
704,Drinking Fountain,"c(-79.3062193397779, 43.7538708225375)"
2037,Drinking Fountain,"c(-79.2709203229005, 43.7423417884548)"
576,Drinking Fountain,"c(-79.2587117954634, 43.7269921997539)"
19,Drinking Fountain,"c(-79.2558449483235, 43.6968438611131)"
1088,Drinking Fountain,"c(-79.2698213563783, 43.8294286415381)"
1088,Dog Fountain,"c(-79.2698213563783, 43.8294286415381)"
708,Drinking Fountain,"c(-79.2310198746845, 43.8037143958814)"
1707,Drinking Fountain,"c(-79.394255157197, 43.6370460436068)"
2420,Drinking Fountain,"c(-79.3277317908661, 43.6630035982291)"
2420,Dog Fountain,"c(-79.3277317908661, 43.6630035982291)"
2236,Drinking Fountain,"c(-79.3208723317492, 43.6778240656635)"
311,Drinking Fountain,"c(-79.3076300929337, 43.6632116398701)"
195,Drinking Fountain,"c(-79.3869173162285, 43.6678746216852)"
177,Drinking Fountain,"c(-79.3719022958901, 43.6552199283183)"
177,Dog Fountain,"c(-79.3719022958901, 43.6552199283183)"
177,Drinking Fountain,"c(-79.371142732796, 43.6543294158519)"
241,Drinking Fountain,"c(-79.414584800653, 43.6469279165604)"
241,Drinking Fountain,"c(-79.4158591867405, 43.6502283714957)"
284,Drinking Fountain,"c(-79.4521472939652, 43.6641417788384)"
1053,Drinking Fountain,"c(-79.4487396302345, 43.6633075586968)"
87,Drinking Fountain,"c(-79.432267978054, 43.6571012336)"
108,Drinking Fountain,"c(-79.3156614907644, 43.6848887268556)"
107,Drinking Fountain,"c(-79.2980899667468, 43.668513203619)"
107,Drinking Fountain,"c(-79.2996874672292, 43.6695554805853)"
1860,Drinking Fountain,"c(-79.3646042293011, 43.6445489724339)"
772,Drinking Fountain,"c(-79.4372387106711, 43.7076497612437)"
1451,Drinking Fountain,"c(-79.5021211546433, 43.5950620047945)"
1882,Drinking Fountain,"c(-79.556916678115, 43.6042908675409)"
361,Drinking Fountain,"c(-79.4360124958537, 43.670292592234)"
367,Drinking Fountain,"c(-79.4427290817137, 43.6708158472262)"
2006,Drinking Fountain,"c(-79.5184195122032, 43.6878420179057)"
150,Drinking Fountain,"c(-79.4836125534217, 43.7204192749493)"
442,Drinking Fountain,"c(-79.3630596467821, 43.6495233124101)"
313,Drinking Fountain,"c(-79.3884151250464, 43.6811981825511)"
313,Dog Fountain,"c(-79.3884151250464, 43.6811981825511)"
72,Drinking Fountain,"c(-79.4199286128695, 43.6536796045602)"
291,Drinking Fountain,"c(-79.4130835634675, 43.659374576725)"
150,Drinking Fountain,"c(-79.4009686827261, 43.6497317446278)"
224,Drinking Fountain,"c(-79.4263153861606, 43.6628296728007)"
455,Drinking Fountain,"c(-79.4134160375633, 43.6414432213448)"
455,Dog Fountain,"c(-79.4134160375633, 43.6414432213448)"
1084,Drinking Fountain,"c(-79.4146067541861, 43.6387889668123)"
1084,Dog Fountain,"c(-79.4146067541861, 43.6387889668123)"
212,Drinking Fountain,"c(-79.409656893352, 43.6427880730558)"
227,Drinking Fountain,"c(-79.3982621228935, 43.6697825760025)"
255,Drinking Fountain,"c(-79.4005034045164, 43.6423204566981)"
1707,Drinking Fountain,"c(-79.3926824743086, 43.6369444556832)"
211,Bottle Filling Station,"c(-79.4348868910826, 43.6370474673517)"
11,Drinking Fountain,"c(-79.4675238317778, 43.7793291299424)"
1079,Drinking Fountain,"c(-79.1622421517215, 43.7601414399241)"
2732,Drinking Fountain,"c(-79.3494742481781, 43.6782184295163)"
1476,Drinking Fountain,"c(-79.4037849527891, 43.7396421307556)"
238,Drinking Fountain,"c(-79.3819296998415, 43.6545412741266)"
335,Drinking Fountain,"c(-79.4529962464524, 43.6374481245245)"
1860,Drinking Fountain,"c(-79.365659951403, 43.6458466330332)"
128,Drinking Fountain,"c(-79.3980313960767, 43.6337550516035)"
2261,Drinking Fountain,"c(-79.366975646956, 43.643022231638)"
2261,Dog Fountain,"c(-79.366975646956, 43.643022231638)"
941,Drinking Fountain,"c(-79.372197413471, 43.7995464707116)"
2263,Drinking Fountain,"c(-79.360783226655, 43.8056139176161)"
485,Drinking Fountain,"c(-79.4175005043232, 43.791537739385)"
2541,Drinking Fountain,"c(-79.3904300382352, 43.6202429011428)"
461,Drinking Fountain,"c(-79.4230673858205, 43.6801568487786)"
1466,Drinking Fountain,"c(-79.4795049628993, 43.6986599347918)"
998,Drinking Fountain,"c(-79.5882242285372, 43.7577612383578)"
280,Drinking Fountain,"c(-79.4889965162409, 43.7412656467801)"
2077,Drinking Fountain,"c(-79.4776862631138, 43.628230978221)"
644,Drinking Fountain,"c(-79.4223061280642, 43.7896631063905)"
1025,Drinking Fountain,"c(-79.3700330300843, 43.6947314864467)"
517,Drinking Fountain,"c(-79.3888425692918, 43.7724116489648)"
368,Bottle Filling Station,"c(-79.379922361248, 43.6513287805355)"
2476,Drinking Fountain,"c(-79.428588552673, 43.6403678949556)"
279,Drinking Fountain,"c(-79.4383008749717, 43.6457395655272)"
236,Drinking Fountain,"c(-79.3112776940215, 43.6835208161178)"
384,Bottle Filling Station,"c(-79.3385572886444, 43.6679095279848)"
343,Bottle Filling Station,"c(-79.3535697896987, 43.667622689651)"
343,Drinking Fountain,"c(-79.3535697896987, 43.667622689651)"
343,Dog Fountain,"c(-79.3535697896987, 43.667622689651)"
2024,Drinking Fountain,"c(-79.3757628612086, 43.62076274045)"
2788,Drinking Fountain,"c(-79.3614413944316, 43.6609279781286)"
688,Drinking Fountain,"c(-79.4921549213006, 43.7161507884826)"
1046,Drinking Fountain,"c(-79.4355986785585, 43.6982202184036)"
237,Drinking Fountain,"c(-79.4146893737096, 43.7012078989314)"
237,Dog Fountain,"c(-79.4146893737096, 43.7012078989314)"
1468,Drinking Fountain,"c(-79.362042246469, 43.6528281681911)"
221,Drinking Fountain,"c(-79.3583595396287, 43.6583431864177)"
2539,Drinking Fountain,"c(-79.4213115431446, 43.6435916825314)"
2539,Dog Fountain,"c(-79.4213115431446, 43.6435916825314)"
677,Drinking Fountain,"c(-79.229059862698, 43.8102519914874)"
334,Drinking Fountain,"c(-79.4900278835628, 43.6538675254855)"
2015,Drinking Fountain,"c(-79.4981755239557, 43.661906201745)"
77,Drinking Fountain,"c(-79.4645227996307, 43.6430671986726)"
57,Drinking Fountain,"c(-79.367292284088, 43.6621279420739)"
241,Drinking Fountain,"c(-79.4133631592653, 43.6455765200779)"
232,Drinking Fountain,"c(-79.3753599693, 43.6504764181459)"
2554,Bottle Filling Station,"c(-79.4461542995721, 43.6589978148609)"
216,Drinking Fountain,"c(-79.4527730938156, 43.6667019514815)"
216,Dog Fountain,"c(-79.4527730938156, 43.6667019514815)"
108,Bottle Filling Station,"c(-79.3154701785875, 43.6842083325581)"
108,Drinking Fountain,"c(-79.3154701785875, 43.6842083325581)"
146,Drinking Fountain,"c(-79.3182310359734, 43.6707963232577)"
1069,Drinking Fountain,"c(-79.429025168262, 43.6955198772808)"
245,Drinking Fountain,"c(-79.4006687748009, 43.6975454705324)"
245,Dog Fountain,"c(-79.4006687748009, 43.6975454705324)"
467,Drinking Fountain,"c(-79.4046203841423, 43.6341506528322)"
2607,Drinking Fountain,"c(-79.3558167948509, 43.7469333873375)"
193,Drinking Fountain,"c(-79.3998407625216, 43.720865157247)"
364,Drinking Fountain,"c(-79.387603282436, 43.6421561890506)"
484,Drinking Fountain,"c(-79.4827841249404, 43.7069544755885)"
290,Drinking Fountain,"c(-79.4793759173982, 43.656089249578)"
497,Drinking Fountain,"c(-79.4791816183386, 43.6878475476802)"
1882,Drinking Fountain,"c(-79.5199842914503, 43.6381429813171)"
2541,Drinking Fountain,"c(-79.3895044180056, 43.6272572114013)"
648,Drinking Fountain,"c(-79.4918931131729, 43.7511527006769)"
2024,Drinking Fountain,"c(-79.3780750921219, 43.6216306711069)"
513,Drinking Fountain,"c(-79.4457721481581, 43.7262788044281)"
735,Drinking Fountain,"c(-79.4358812275691, 43.7223688114292)"
794,Drinking Fountain,"c(-79.3055727724456, 43.7745344532055)"
2472,Drinking Fountain,"c(-79.3043560939824, 43.813690368483)"
77,Drinking Fountain,"c(-79.464763299706, 43.6439385268158)"
244,Drinking Fountain,"c(-79.3678583313393, 43.6574996479793)"
191,Drinking Fountain,"c(-79.375982722906, 43.6708071990277)"
344,Drinking Fountain,"c(-79.3610777693283, 43.6670343349009)"
936,Drinking Fountain,"c(-79.622623960181, 43.7253478623488)"
951,Drinking Fountain,"c(-79.5399130315731, 43.672886368368)"
359,Drinking Fountain,"c(-79.4395792874005, 43.6406414929326)"
35,Drinking Fountain,"c(-79.4397672924282, 43.6595363147999)"
35,Dog Fountain,"c(-79.4397672924282, 43.6595363147999)"
698,Drinking Fountain,"c(-79.3095432515401, 43.8069764800635)"
644,Drinking Fountain,"c(-79.4215735530596, 43.790758064783)"
2466,Drinking Fountain,"c(-79.3452274433458, 43.6591302982663)"
1979,Drinking Fountain,"c(-79.4974495871183, 43.7117929617629)"
241,Drinking Fountain,"c(-79.4985387358826, 43.6967896170007)"
948,Drinking Fountain,"c(-79.5562689284568, 43.6410869377796)"
15,Drinking Fountain,"c(-79.5011845558341, 43.6590903313619)"
1073,Drinking Fountain,"c(-79.4753403018492, 43.62266117566)"
922,Drinking Fountain,"c(-79.5142554160114, 43.6383214726224)"
2039,Drinking Fountain,"c(-79.3590758019185, 43.6255588318977)"
2725,Drinking Fountain,"c(-79.362799296046, 43.6232840224419)"
2024,Drinking Fountain,"c(-79.3790383020521, 43.6220466960856)"
2725,Drinking Fountain,"c(-79.375478897386, 43.6174962100206)"
2541,Drinking Fountain,"c(-79.3912996995367, 43.6172410348846)"
2541,Drinking Fountain,"c(-79.3914283445031, 43.6218257539177)"
1901,Drinking Fountain,"c(-79.4131233928073, 43.6400449395545)"
1901,Dog Fountain,"c(-79.4131233928073, 43.6400449395545)"
196,Drinking Fountain,"c(-79.4206874931687, 43.6644214241973)"
87,Drinking Fountain,"c(-79.431757282566, 43.6556668676029)"
49,Drinking Fountain,"c(-79.4328916624884, 43.6402390548247)"
385,Drinking Fountain,"c(-79.4497707441514, 43.6588094965883)"
284,Drinking Fountain,"c(-79.4518281838632, 43.6637830214765)"
186,Drinking Fountain,"c(-79.4491490508471, 43.6539226579796)"
348,Drinking Fountain,"c(-79.4441222725969, 43.6488489275058)"
1,Drinking Fountain,"c(-79.3088385480718, 43.6587753133446)"
427,Drinking Fountain,"c(-79.2845446640087, 43.6703498368077)"
107,Drinking Fountain,"c(-79.2978410137323, 43.6680380684837)"
268,Drinking Fountain,"c(-79.3529118349828, 43.6594326907214)"
127,Bottle Filling Station,"c(-79.3153789573695, 43.6766257364642)"
127,Drinking Fountain,"c(-79.3153789573695, 43.6766257364642)"
129,Drinking Fountain,"c(-79.329745235097, 43.6802728988026)"
410,Bottle Filling Station,"c(-79.2926500426975, 43.6717441655089)"
410,Drinking Fountain,"c(-79.2926500426975, 43.6717441655089)"
410,Dog Fountain,"c(-79.2926500426975, 43.6717441655089)"
75,Drinking Fountain,"c(-79.3377551066987, 43.6647934925684)"
228,Drinking Fountain,"c(-79.3027484560112, 43.6823008333475)"
115,Drinking Fountain,"c(-79.3136586744939, 43.6688719993739)"
214,Drinking Fountain,"c(-79.3033345456655, 43.6864268341855)"
306,Drinking Fountain,"c(-79.3475171841678, 43.6759186225315)"
306,Drinking Fountain,"c(-79.346392264013, 43.6738087780474)"
1950,Drinking Fountain,"c(-79.4303249494046, 43.681465749986)"
79,Drinking Fountain,"c(-79.4249315626216, 43.6760178884041)"
936,Drinking Fountain,"c(-79.425965413734, 43.6836668494173)"
936,Dog Fountain,"c(-79.425965413734, 43.6836668494173)"
833,Drinking Fountain,"c(-79.4365047712563, 43.6929506133232)"
245,Drinking Fountain,"c(-79.399516627632, 43.6971590004907)"
393,Drinking Fountain,"c(-79.4166886428658, 43.6826824805868)"
38,Drinking Fountain,"c(-79.4237775158882, 43.6738756342113)"
2023,Drinking Fountain,"c(-79.3410096316968, 43.6849286654139)"
1057,Drinking Fountain,"c(-79.2927186208731, 43.6939496005035)"
1057,Dog Fountain,"c(-79.2927186208731, 43.6939496005035)"
456,Drinking Fountain,"c(-79.3469779970466, 43.691009044976)"
130,Drinking Fountain,"c(-79.3500539868076, 43.6786939569124)"
130,Dog Fountain,"c(-79.3500539868076, 43.6786939569124)"
754,Drinking Fountain,"c(-79.1249798421887, 43.7915137503629)"
447,Drinking Fountain,"c(-79.2891777357002, 43.7663581269763)"
2,Drinking Fountain,"c(-79.2273390358118, 43.713028587678)"
2,Drinking Fountain,"c(-79.2349709971227, 43.7062615620544)"
9,Drinking Fountain,"c(-79.5022173200646, 43.6858333506124)"
2405,Drinking Fountain,"c(-79.2831771036475, 43.6907667078195)"
2579,Drinking Fountain,"c(-79.3773182836809, 43.8049283532889)"
2520,Drinking Fountain,"c(-79.3931379544624, 43.7751569925847)"
2194,Bottle Filling Station,"c(-79.327867790786, 43.7492929903035)"
2595,Drinking Fountain,"c(-79.3386669914196, 43.7971127160726)"
2595,Dog Fountain,"c(-79.3386669914196, 43.7971127160726)"
2574,Drinking Fountain,"c(-79.3159528993604, 43.7504414975377)"
959,Drinking Fountain,"c(-79.5545414626581, 43.6991100485691)"
514,Dog Fountain,"c(-79.4493346221802, 43.672032895776)"
259,Drinking Fountain,"c(-79.4569053633909, 43.6724831783495)"
1004,Drinking Fountain,"c(-79.539890307086, 43.7226183570608)"
734,Drinking Fountain,"c(-79.5713313082746, 43.7626655529547)"
77,Dog Fountain,"c(-79.4630843128415, 43.6464101911426)"
77,Drinking Fountain,"c(-79.4665410833697, 43.6513632292532)"
77,Drinking Fountain,"c(-79.4656371444113, 43.6496081877731)"
77,Drinking Fountain,"c(-79.4602160893833, 43.6543833067428)"
270,Drinking Fountain,"c(-79.3628435142323, 43.6695838489525)"
1663,Drinking Fountain,"c(-79.3874942709765, 43.6377514480562)"
461,Drinking Fountain,"c(-79.424183052796, 43.6795018744116)"
461,Dog Fountain,"c(-79.424183052796, 43.6795018744116)"
445,Drinking Fountain,"c(-79.4057137071712, 43.7276217284569)"
764,Drinking Fountain,"c(-79.3380609962538, 43.7498666371232)"
934,Drinking Fountain,"c(-79.3674379412452, 43.7053644218396)"
492,Drinking Fountain,"c(-79.3529471623679, 43.7214041747093)"
2161,Drinking Fountain,"c(-79.4951287847793, 43.7575046350036)"
557,Bottle Filling Station,"c(-79.2810595743288, 43.6823165549677)"
1461,Drinking Fountain,"c(-79.2798837417285, 43.822864459286)"
123,Drinking Fountain,"c(-79.3332620960314, 43.6631633540428)"
77,Drinking Fountain,"c(-79.4655340869504, 43.6420088724879)"
769,Drinking Fountain,"c(-79.5007467575393, 43.7050459202001)"
3536,Drinking Fountain,"c(-79.3637553638124, 43.6235569551495)"
865,Drinking Fountain,"c(-79.4059307867338, 43.7662451260729)"
1490,Drinking Fountain,"c(-79.4107564953695, 43.7687298868072)"
3,Drinking Fountain,"c(-79.5145511976271, 43.6714165951398)"
2318,Drinking Fountain,"c(-79.5675642154012, 43.7474111295791)"
762,Drinking Fountain,"c(-79.5323152908647, 43.7216635154932)"
1953,Drinking Fountain,"c(-79.530527309063, 43.7061800228401)"
1073,Drinking Fountain,"c(-79.4758230914937, 43.6202063741028)"
2708,Drinking Fountain,"c(-79.3964598511588, 43.6391363498031)"
248,Drinking Fountain,"c(-79.4218516898138, 43.646143442216)"
207,Drinking Fountain,"c(-79.3805948748685, 43.711628731363)"
962,Drinking Fountain,"c(-79.3537813917834, 43.6913533931957)"
192,Drinking Fountain,"c(-79.3706398258502, 43.6852160210004)"
192,Dog Fountain,"c(-79.3706398258502, 43.6852160210004)"
62,Drinking Fountain,"c(-79.3817018863477, 43.6599901055097)"
696,Drinking Fountain,"c(-79.3373132642704, 43.7797986179611)"
50,Drinking Fountain,"c(-79.3429922138741, 43.6674474280178)"
50,Dog Fountain,"c(-79.3429922138741, 43.6674474280178)"
941,Drinking Fountain,"c(-79.3708087473815, 43.8006569822763)"
67,Drinking Fountain,"c(-79.32006017372, 43.6644291066195)"
210,Drinking Fountain,"c(-79.3793279424367, 43.6831541380327)"
207,Bottle Filling Station,"c(-79.4429655662887, 43.6468572953651)"
226,Drinking Fountain,"c(-79.4459849471946, 43.6510346913164)"
155,Bottle Filling Station,"c(-79.3447119971285, 43.6626501205622)"
884,Drinking Fountain,"c(-79.3949683060572, 43.6958133848577)"
884,Dog Fountain,"c(-79.3949683060572, 43.6958133848577)"
2030,Bottle Filling Station,"c(-79.3098061542395, 43.6909332125676)"
2030,Drinking Fountain,"c(-79.3098061542395, 43.6909332125676)"
41,Drinking Fountain,"c(-79.37598937277, 43.6612104233918)"
984,Drinking Fountain,"c(-79.4388510505871, 43.7712352898663)"
504,Drinking Fountain,"c(-79.4974585659234, 43.6745870910294)"
2541,Drinking Fountain,"c(-79.3899452980913, 43.6150274664096)"
414,Drinking Fountain,"c(-79.4220343400109, 43.6650597094771)"
2258,Drinking Fountain,"c(-79.4336490495018, 43.717149413071)"
1023,Drinking Fountain,"c(-79.3282186911465, 43.8146187747417)"
2341,Drinking Fountain,"c(-79.2741143883812, 43.7890477976982)"
2039,Drinking Fountain,"c(-79.3572120178724, 43.6312580495136)"
72,Drinking Fountain,"c(-79.4202527421181, 43.6520747331779)"
388,Bottle Filling Station,"c(-79.4103439132471, 43.6659536505877)"
2725,Drinking Fountain,"c(-79.3726552919459, 43.6177387212363)"
320,Drinking Fountain,"c(-79.4456736152496, 43.7761317611642)"
2656,Drinking Fountain,"c(-79.3966522552165, 43.7597384903106)"
654,Drinking Fountain,"c(-79.356494412627, 43.7683628010425)"
505,Drinking Fountain,"c(-79.4497951221875, 43.7450007065882)"
698,Drinking Fountain,"c(-79.304369427976, 43.8032303274729)"
2307,Drinking Fountain,"c(-79.2882470391264, 43.714273086813)"
2737,Drinking Fountain,"c(-79.2958720541048, 43.8010876522659)"
2255,Drinking Fountain,"c(-79.3971955850121, 43.800353844595)"
2725,Drinking Fountain,"c(-79.3747078195522, 43.6160033533155)"
423,Drinking Fountain,"c(-79.3434023113851, 43.7035329077456)"
660,Drinking Fountain,"c(-79.4589096194164, 43.7838865302907)"
660,Dog Fountain,"c(-79.4589096194164, 43.7838865302907)"
1181,Drinking Fountain,"c(-79.4248661077946, 43.7767746687885)"
1181,Dog Fountain,"c(-79.4248661077946, 43.7767746687885)"
987,Drinking Fountain,"c(-79.538261940479, 43.6583507997654)"
829,Drinking Fountain,"c(-79.4385496254667, 43.6850452269541)"
2725,Drinking Fountain,"c(-79.3679943017151, 43.6189725885466)"
1061,Drinking Fountain,"c(-79.3374763624926, 43.7095654356026)"
240,Drinking Fountain,"c(-79.3797735297402, 43.6588647507224)"
775,Drinking Fountain,"c(-79.3129196830859, 43.7308454977365)"
765,Drinking Fountain,"c(-79.5092784965756, 43.7554604119778)"
757,Drinking Fountain,"c(-79.4116317973634, 43.7854948351993)"
111,Drinking Fountain,"c(-79.2979379995387, 43.6848018384207)"
518,Drinking Fountain,"c(-79.3616702774507, 43.7842131900705)"
11,Drinking Fountain,"c(-79.4659145167715, 43.7800572610256)"
500,Drinking Fountain,"c(-79.5772227819906, 43.7553658054147)"
798,Drinking Fountain,"c(-79.59196458584, 43.6538106506683)"
117,Drinking Fountain,"c(-79.4047233767068, 43.7082912907572)"
11,Drinking Fountain,"c(-79.4623894248742, 43.7791977680684)"
758,Drinking Fountain,"c(-79.5207077830339, 43.7388419319722)"
830,Drinking Fountain,"c(-79.5115421907232, 43.6940432668679)"
837,Drinking Fountain,"c(-79.5249658540055, 43.6488465525509)"
2565,Drinking Fountain,"c(-79.4535638140697, 43.7724433150418)"
77,Drinking Fountain,"c(-79.4589710028707, 43.6512757901907)"
2294,Drinking Fountain,"c(-79.4398624776082, 43.7655397292253)"
958,Drinking Fountain,"c(-79.1397748930179, 43.7773904572375)"
2788,Drinking Fountain,"c(-79.3616584362736, 43.661537731931)"
128,Drinking Fountain,"c(-79.3976722946713, 43.6344762297852)"
2542,Drinking Fountain,"c(-79.3899797200668, 43.6378063901177)"
9,Drinking Fountain,"c(-79.4967236777347, 43.6834233022401)"
266,Drinking Fountain,"c(-79.3462260072335, 43.6611174355011)"
147,Drinking Fountain,"c(-79.4549303881209, 43.6665958234572)"
231,Bottle Filling Station,"c(-79.440889657991, 43.6384881171924)"
231,Drinking Fountain,"c(-79.440889657991, 43.6384881171924)"
318,Drinking Fountain,"c(-79.3683093068356, 43.674341832318)"
86,Drinking Fountain,"c(-79.4330823680944, 43.6650558009614)"
1060,Drinking Fountain,"c(-79.3275073135373, 43.6909907373862)"
1096,Drinking Fountain,"c(-79.3241211258008, 43.6831157707359)"
2568,Drinking Fountain,"c(-79.3303962502838, 43.6930938778747)"
2178,Drinking Fountain,"c(-79.326422281649, 43.7591703901243)"
319,Drinking Fountain,"c(-79.3917131835768, 43.6699088345123)"
319,Dog Fountain,"c(-79.3917131835768, 43.6699088345123)"
172,Drinking Fountain,"c(-79.4306011991603, 43.6363724157239)"
379,Drinking Fountain,"c(-79.3405906182307, 43.6534438383942)"
421,Drinking Fountain,"c(-79.3141390302235, 43.6972882674411)"
163,Drinking Fountain,"c(-79.3806406763582, 43.6667211344863)"
163,Dog Fountain,"c(-79.3806406763582, 43.6667211344863)"
471,Drinking Fountain,"c(-79.4305165871722, 43.6312847803018)"
471,Dog Fountain,"c(-79.4305165871722, 43.6312847803018)"
2301,Drinking Fountain,"c(-79.3898805684514, 43.7741035978385)"
1854,Drinking Fountain,"c(-79.3799287129234, 43.7215106112118)"
2725,Drinking Fountain,"c(-79.3761117577895, 43.6177552561586)"
2024,Drinking Fountain,"c(-79.3758560376971, 43.6199195608368)"
1079,Drinking Fountain,"c(-79.1629718470253, 43.7601737298779)"
572,Drinking Fountain,"c(-79.5209932364902, 43.7518805181817)"
798,Drinking Fountain,"c(-79.5901973921428, 43.6520715803763)"
1974,Drinking Fountain,"c(-79.5005514881406, 43.6772261211495)"
629,Drinking Fountain,"c(-79.4324314278279, 43.6928084880575)"
629,Dog Fountain,"c(-79.4324314278279, 43.6928084880575)"
46,Drinking Fountain,"c(-79.4303182626813, 43.6711769274873)"
46,Drinking Fountain,"c(-79.4316841319945, 43.6708875796324)"
149,Drinking Fountain,"c(-79.3873941424135, 43.7172422380113)"
2262,Drinking Fountain,"c(-79.2349587414127, 43.7739925058766)"
2262,Dog Fountain,"c(-79.2349587414127, 43.7739925058766)"
2711,Drinking Fountain,"c(-79.4040176745738, 43.7581104107821)"
2711,Dog Fountain,"c(-79.4040176745738, 43.7581104107821)"
726,Drinking Fountain,"c(-79.2462761570316, 43.7699228407205)"
144,Drinking Fountain,"c(-79.4242209111638, 43.6721746485402)"
2585,Drinking Fountain,"c(-79.3147190265992, 43.7048932423787)"
168,Drinking Fountain,"c(-79.3818480929656, 43.6938497500159)"
880,Drinking Fountain,"c(-79.5161217263541, 43.7065334100968)"
849,Drinking Fountain,"c(-79.5634022552016, 43.6897556107904)"
9,Drinking Fountain,"c(-79.4946080846306, 43.6842418741054)"
826,Drinking Fountain,"c(-79.573325645882, 43.7401092278923)"
862,Drinking Fountain,"c(-79.5658791273196, 43.7243140435835)"
2690,Drinking Fountain,"c(-79.4351355075732, 43.689381859579)"
1068,Drinking Fountain,"c(-79.452012758633, 43.675600319908)"
1068,Drinking Fountain,"c(-79.4520213510681, 43.6756183621657)"
953,Drinking Fountain,"c(-79.5813669458732, 43.7280961803622)"
798,Drinking Fountain,"c(-79.5852676474223, 43.6537732567797)"
884,Drinking Fountain,"c(-79.3876570830887, 43.697474896852)"
884,Dog Fountain,"c(-79.3876570830887, 43.697474896852)"
200,Dog Fountain,"c(-79.4098175917259, 43.682335746766)"
337,Drinking Fountain,"c(-79.4279028428494, 43.7521774702227)"
530,Drinking Fountain,"c(-79.3840513134278, 43.6737303831144)"
651,Bottle Filling Station,"c(-79.4202395327644, 43.7511931189756)"
651,Drinking Fountain,"c(-79.4202395327644, 43.7511931189756)"
651,Dog Fountain,"c(-79.4202395327644, 43.7511931189756)"
488,Bottle Filling Station,"c(-79.3856037010995, 43.7265314027129)"
1102,Bottle Filling Station,"c(-79.4100700969773, 43.6687393983727)"
1102,Drinking Fountain,"c(-79.4100700969773, 43.6687393983727)"
1102,Dog Fountain,"c(-79.4100700969773, 43.6687393983727)"
210,Dog Fountain,"c(-79.379131425052, 43.6832156893004)"
167,Drinking Fountain,"c(-79.3956211503059, 43.6764086025252)"
167,Dog Fountain,"c(-79.3956211503059, 43.6764086025252)"
848,Drinking Fountain,"c(-79.5186112841353, 43.6859229589808)"
1476,Drinking Fountain,"c(-79.4050765078552, 43.739956336109)"
77,Drinking Fountain,"c(-79.4583694689043, 43.6480714958265)"
746,Drinking Fountain,"c(-79.2129298334603, 43.7472264879314)"
2197,Drinking Fountain,"c(-79.3973730834371, 43.6565749547393)"
635,Drinking Fountain,"c(-79.1792743630487, 43.7903253441429)"
595,Drinking Fountain,"c(-79.1769231094871, 43.7934758296273)"
77,Drinking Fountain,"c(-79.4639486845829, 43.6509436167775)"
2568,Drinking Fountain,"c(-79.3306251220689, 43.6929733208547)"
2593,Drinking Fountain,"c(-79.2167469754824, 43.8098713655526)"
2593,Drinking Fountain,"c(-79.2171456907727, 43.8088781969864)"
145,Drinking Fountain,"c(-79.3259309803366, 43.6774051993268)"
145,Drinking Fountain,"c(-79.325492136156, 43.6775020595129)"
145,Drinking Fountain,"c(-79.3253002367158, 43.6773956228555)"
145,Dog Fountain,"c(-79.3253002367158, 43.6773956228555)"
792,Drinking Fountain,"c(-79.2250037079615, 43.8137839605262)"
2712,Drinking Fountain,"c(-79.3214572450745, 43.677472839283)"
1079,Drinking Fountain,"c(-79.162752239783, 43.7602575221976)"
473,Drinking Fountain,"c(-79.3605884332448, 43.7325198593964)"
2504,Drinking Fountain,"c(-79.2093131046232, 43.8213175316742)"
613,Drinking Fountain,"c(-79.2044574812238, 43.8162273835259)"
1449,Drinking Fountain,"c(-79.3661364133672, 43.68437286739)"
306,Drinking Fountain,"c(-79.3465118617905, 43.6741157407248)"
306,Dog Fountain,"c(-79.3465118617905, 43.6741157407248)"
2413,Drinking Fountain,"c(-79.168286407266, 43.7845092452667)"
870,Drinking Fountain,"c(-79.5527508252403, 43.7283200428521)"
1077,Drinking Fountain,"c(-79.3405235528183, 43.6760192567469)"
522,Drinking Fountain,"c(-79.145780853607, 43.7930389541383)"
1074,Drinking Fountain,"c(-79.4784403447686, 43.6191389143442)"
235,Drinking Fountain,"c(-79.4772417404894, 43.6690982650933)"
2347,Drinking Fountain,"c(-79.3914690868022, 43.7492298206053)"
2021,Drinking Fountain,"c(-79.4254908049698, 43.6401769159947)"
2021,Dog Fountain,"c(-79.4254908049698, 43.6401769159947)"
2750,Drinking Fountain,"c(-79.4092306138592, 43.6415636086481)"
2750,Dog Fountain,"c(-79.4092306138592, 43.6415636086481)"
2750,Drinking Fountain,"c(-79.4081324855797, 43.6418656016613)"
143,Drinking Fountain,"c(-79.3857027831417, 43.6832228717815)"
1901,Drinking Fountain,"c(-79.4147211376925, 43.6401489113271)"
1901,Dog Fountain,"c(-79.4147211376925, 43.6401489113271)"
923,Drinking Fountain,"c(-79.5587799479738, 43.7392935891874)"
1467,Bottle Filling Station,"c(-79.4071200765933, 43.6667140129405)"
1467,Drinking Fountain,"c(-79.4071200765933, 43.6667140129405)"
736,Drinking Fountain,"c(-79.4873027411265, 43.7114247895683)"
700,Drinking Fountain,"c(-79.4717286703262, 43.7184900525338)"
1492,Drinking Fountain,"c(-79.2879567308741, 43.81765139348)"
250,Drinking Fountain,"c(-79.415297838454, 43.670651578386)"
250,Dog Fountain,"c(-79.415297838454, 43.670651578386)"
386,Drinking Fountain,"c(-79.3854254007349, 43.6414723510657)"
386,Drinking Fountain,"c(-79.384265322374, 43.6409846121989)"
338,Drinking Fountain,"c(-79.3639482779085, 43.6494757480844)"
332,Dog Fountain,"c(-79.397762605713, 43.7195618785907)"
2531,Drinking Fountain,"c(-79.5057643681755, 43.6989056422531)"
961,Drinking Fountain,"c(-79.233526943433, 43.7924182399538)"
508,Drinking Fountain,"c(-79.517660075357, 43.6975749132672)"
3584,Drinking Fountain,"c(-79.3547870995476, 43.6535414701992)"
3584,Drinking Fountain,"c(-79.3557621905193, 43.6533134221154)"
3584,Drinking Fountain,"c(-79.3567292411581, 43.653090432393)"
1461,Drinking Fountain,"c(-79.2809060399797, 43.8244659643496)"
1461,Dog Fountain,"c(-79.2809060399797, 43.8244659643496)"
419,Drinking Fountain,"c(-79.3593465591245, 43.6586843059357)"
2036,Drinking Fountain,"c(-79.2807134154815, 43.7475941549218)"
2725,Drinking Fountain,"c(-79.3763116426981, 43.6167339632992)"
2171,Drinking Fountain,"c(-79.2324648348413, 43.7383538373039)"
163,Dog Fountain,"c(-79.3799808374504, 43.6667527953244)"
543,Drinking Fountain,"c(-79.2535024417111, 43.7565263868453)"
543,Dog Fountain,"c(-79.2535024417111, 43.7565263868453)"
543,Drinking Fountain,"c(-79.252451201036, 43.756370941606)"
543,Dog Fountain,"c(-79.252451201036, 43.756370941606)"
2410,Drinking Fountain,"c(-79.2636097198042, 43.6923068190555)"
441,Dog Fountain,"c(-79.2843184550636, 43.6982354939354)"
956,Drinking Fountain,"c(-79.4137029536959, 43.7679083869878)"
626,Drinking Fountain,"c(-79.31123902025, 43.7660019427215)"
149,Dog Fountain,"c(-79.3868664867362, 43.7163013898566)"
867,Drinking Fountain,"c(-79.5075305721844, 43.5951879956027)"
276,Drinking Fountain,"c(-79.3072647204687, 43.7107096176981)"
2277,Drinking Fountain,"c(-79.4606126233242, 43.6653424230051)"
157,Drinking Fountain,"c(-79.3066867501032, 43.6799599795892)"
70,Drinking Fountain,"c(-79.3291564464982, 43.6696480397674)"
2001,Drinking Fountain,"c(-79.4179447230411, 43.6855258900398)"
2001,Dog Fountain,"c(-79.4179447230411, 43.6855258900398)"
1453,Drinking Fountain,"c(-79.375579775124, 43.655951895255)"
1453,Dog Fountain,"c(-79.375579775124, 43.655951895255)"
128,Drinking Fountain,"c(-79.3987584791727, 43.6346621933756)"
945,Drinking Fountain,"c(-79.4130422864814, 43.7605283001179)"
963,Drinking Fountain,"c(-79.5916315857471, 43.7207349403678)"
1504,Drinking Fountain,"c(-79.5690869425732, 43.7519839550967)"
610,Drinking Fountain,"c(-79.5226851849534, 43.7087068178264)"
473,Drinking Fountain,"c(-79.3592418098404, 43.7337734954775)"
739,Drinking Fountain,"c(-79.1655903265785, 43.8025985318492)"
2576,Drinking Fountain,"c(-79.1467601768404, 43.8007189752108)"
382,Bottle Filling Station,"c(-79.3580519278492, 43.6622377925548)"
1,Drinking Fountain,"c(-79.3073970140301, 43.6582699514726)"
1,Dog Fountain,"c(-79.3073970140301, 43.6582699514726)"
183,Bottle Filling Station,"c(-79.399103849644, 43.6463170786157)"
678,Drinking Fountain,"c(-79.4251960965129, 43.7273834890014)"
2303,Drinking Fountain,"c(-79.4507453645517, 43.6874055985766)"
2725,Drinking Fountain,"c(-79.3757472741547, 43.6174714330855)"
560,Drinking Fountain,"c(-79.2108930092725, 43.7776063209796)"
674,Drinking Fountain,"c(-79.5485958181325, 43.74701342685)"
319,Drinking Fountain,"c(-79.3923531966032, 43.6697799008295)"
3555,Drinking Fountain,"c(-79.4098163693306, 43.7688748149122)"
70,Dog Fountain,"c(-79.3293759261167, 43.6678915929253)"
431,Drinking Fountain,"c(-79.3120493431602, 43.66484567093)"
431,Dog Fountain,"c(-79.3120493431602, 43.66484567093)"
461,Drinking Fountain,"c(-79.4242477455572, 43.6798066208569)"
629,Drinking Fountain,"c(-79.4296572523524, 43.6920343584697)"
629,Dog Fountain,"c(-79.4296572523524, 43.6920343584697)"
348,Drinking Fountain,"c(-79.4430232344237, 43.6490838787383)"
348,Dog Fountain,"c(-79.442998224499, 43.6490122244081)"
29,Drinking Fountain,"c(-79.2997002677043, 43.6971306955818)"
29,Dog Fountain,"c(-79.2997002677043, 43.6971306955818)"
151,Drinking Fountain,"c(-79.4091232793247, 43.6716171447605)"
86,Drinking Fountain,"c(-79.4330637113315, 43.664951230479)"
86,Dog Fountain,"c(-79.4330637113315, 43.664951230479)"
106,Drinking Fountain,"c(-79.3972005107779, 43.6776146911985)"
106,Dog Fountain,"c(-79.3972005107779, 43.6776146911985)"
28,Dog Fountain,"c(-79.3655592106566, 43.7220794526408)"
3461,Drinking Fountain,"c(-79.3832149130052, 43.7831582198908)"
3461,Dog Fountain,"c(-79.3832149130052, 43.7831582198908)"
606,Drinking Fountain,"c(-79.4618672164197, 43.6884986040881)"
2788,Drinking Fountain,"c(-79.3626983268221, 43.6608628208548)"
2788,Dog Fountain,"c(-79.3626983268221, 43.6608628208548)"
79,Dog Fountain,"c(-79.423888846507, 43.6762574360882)"
614,Drinking Fountain,"c(-79.2213446697253, 43.7393778201752)"
145,Drinking Fountain,"c(-79.3262052552747, 43.6777314292568)"
467,Drinking Fountain,"c(-79.4039504232818, 43.6339995526946)"
467,Dog Fountain,"c(-79.4039504232818, 43.6339995526946)"
2710,Drinking Fountain,"c(-79.3549365939018, 43.6558348046184)"
2710,Dog Fountain,"c(-79.3549365939018, 43.6558348046184)"
41,Dog Fountain,"c(-79.3747409134274, 43.6624921704745)"
3499,Drinking Fountain,"c(-79.3522964386128, 43.6534641260684)"
3499,Drinking Fountain,"c(-79.3522986037681, 43.6534608433707)"
75,Dog Fountain,"c(-79.3377321402613, 43.6649049145408)"
1038,Drinking Fountain,"c(-79.1627674733155, 43.7968552637923)"
2178,Drinking Fountain,"c(-79.3331792210986, 43.7577381262154)"
924,Drinking Fountain,"c(-79.4990411222057, 43.5999960274612)"
2159,Drinking Fountain,"c(-79.3921974309097, 43.7956732440479)"
585,Drinking Fountain,"c(-79.3269088624777, 43.7139763907523)"
1181,Drinking Fountain,"c(-79.4258138746479, 43.7754235813076)"
1472,Dog Fountain,"c(-79.3508937409684, 43.6592926796813)"
2341,Drinking Fountain,"c(-79.2763068220151, 43.7888556148337)"
543,Drinking Fountain,"c(-79.2546972762625, 43.759336900867)"
543,Dog Fountain,"c(-79.2546972762625, 43.759336900867)"
147,Drinking Fountain,"c(-79.4556887567392, 43.6665923033614)"
147,Dog Fountain,"c(-79.4556887567392, 43.6665923033614)"
137,Drinking Fountain,"c(-79.4624142740978, 43.6627080804272)"
2798,Drinking Fountain,"c(-79.3943078591129, 43.7052027497566)"
97,Drinking Fountain,"c(-79.4236888039619, 43.6629363347808)"
3594,Drinking Fountain,"c(-79.441010397429, 43.6786137691757)"
3594,Dog Fountain,"c(-79.441010397429, 43.6786137691757)"
473,Drinking Fountain,"c(-79.3612089818329, 43.732584928376)"
327,Drinking Fountain,"c(-79.3354610694469, 43.6923792938813)"
327,Dog Fountain,"c(-79.3354610694469, 43.6923792938813)"
343,Drinking Fountain,"c(-79.3572115212917, 43.6722718832129)"
117,Dog Fountain,"c(-79.4051228525718, 43.7081042255666)"
245,Drinking Fountain,"c(-79.3988124538018, 43.6973936459876)"
288,Dog Fountain,"c(-79.312747336297, 43.6813469376812)"
288,Drinking Fountain,"c(-79.3131868813267, 43.6811441731995)"
78,Drinking Fountain,"c(-79.3893515275979, 43.7003043439165)"
315,Drinking Fountain,"c(-79.4460874688158, 43.6715552483055)"
719,Drinking Fountain,"c(-79.3021256778902, 43.7175151164591)"
2704,Drinking Fountain,"c(-79.3946380960441, 43.6906134022028)"
293,Drinking Fountain,"c(-79.4808321588013, 43.6475457751579)"
353,Drinking Fountain,"c(-79.3160142612624, 43.6984510384607)"
69,Drinking Fountain,"c(-79.4608436908981, 43.6755853231377)"
2355,Drinking Fountain,"c(-79.3979101088927, 43.7657893267905)"
101,Bottle Filling Station,"c(-79.3842445243342, 43.6664666822472)"
101,Drinking Fountain,"c(-79.3842445243342, 43.6664666822472)"
344,Bottle Filling Station,"c(-79.3592584272098, 43.6654432358124)"
344,Drinking Fountain,"c(-79.3592584272098, 43.6654432358124)"
344,Dog Fountain,"c(-79.3592584272098, 43.6654432358124)"
522,Portable Toilet,"c(-79.1449501339709, 43.7923937317967)"
2155,Washroom Building,"c(-79.2578191514373, 43.7734305840419)"
31,Washroom Building,"c(-79.4044187064323, 43.6509886655484)"
24,Washroom Building,"c(-79.2987815935782, 43.6739918657914)"
2,Washroom Building,"c(-79.2349085595445, 43.7061568747185)"
335,Washroom Building,"c(-79.4492987253011, 43.6370297165197)"
1053,Washroom Building,"c(-79.4485192485026, 43.662942616346)"
629,Washroom Building,"c(-79.431446144468, 43.6912877354199)"
798,Washroom Building,"c(-79.5851389661776, 43.653379056334)"
196,Washroom Building,"c(-79.4223730169191, 43.665150197289)"
1089,Washroom Building,"c(-79.3839454471234, 43.6522039089387)"
223,Washroom Building,"c(-79.3838079346985, 43.6596591616802)"
466,Portable Toilet,"c(-79.5156698327389, 43.5933964298349)"
467,Washroom Building,"c(-79.404908630126, 43.6343913965369)"
1056,Washroom Building,"c(-79.3317979398115, 43.71788436387)"
1057,Washroom Building,"c(-79.2927940640923, 43.6941249843203)"
327,Washroom Building,"c(-79.3360686341573, 43.6921036380234)"
712,Washroom Building,"c(-79.2617027743078, 43.7326376303698)"
1449,Washroom Building,"c(-79.3664257580379, 43.6843864377828)"
86,Washroom Building,"c(-79.432574052299, 43.6655945123568)"
329,Washroom Building,"c(-79.3492592819462, 43.6917748198521)"
473,Washroom Building,"c(-79.3593649864772, 43.7341150916381)"
320,Washroom Building,"c(-79.4454665802082, 43.7760515612141)"
11,Washroom Building,"c(-79.4622263525863, 43.7792471126541)"
1431,Washroom Building,"c(-79.3913508795439, 43.6525658415158)"
70,Washroom Building,"c(-79.3286834850084, 43.6694491136341)"
77,Washroom Building,"c(-79.4572249103502, 43.6444224258499)"
77,Washroom Building,"c(-79.4662827287604, 43.6527261870184)"
77,Portable Toilet,"c(-79.4606983717756, 43.642730862712)"
3,Washroom Building,"c(-79.5147659657209, 43.6716076028119)"
151,Washroom Building,"c(-79.4092222095948, 43.6716117595581)"
107,Washroom Building,"c(-79.2982027855432, 43.6665440965766)"
678,Washroom Building,"c(-79.4251102606431, 43.7270937683585)"
123,Washroom Building,"c(-79.333654761986, 43.6626931604617)"
378,Washroom Building,"c(-79.4418087399311, 43.6531317895619)"
956,Washroom Building,"c(-79.4143527353882, 43.7673433668837)"
145,Washroom Building,"c(-79.325690539636, 43.6773369810041)"
1470,Washroom Building,"c(-79.1939632438081, 43.7790720447928)"
263,Washroom Building,"c(-79.4021185843126, 43.6536042083219)"
883,Washroom Building,"c(-79.1402841246779, 43.7796745138993)"
167,Washroom Building,"c(-79.3922394716624, 43.6761976241959)"
419,Washroom Building,"c(-79.3594540675083, 43.6586776691492)"
181,Washroom Building,"c(-79.4737971617825, 43.6441789595971)"
343,Washroom Building,"c(-79.3570209690722, 43.6725268326487)"
210,Washroom Building,"c(-79.379211917246, 43.6832752010301)"
743,Washroom Building,"c(-79.2166001987902, 43.7401807660545)"
1860,Washroom Building,"c(-79.3645289403109, 43.6445598379067)"
200,Washroom Building,"c(-79.4091500117139, 43.6832761720121)"
28,Washroom Building,"c(-79.3627571051784, 43.7229311879898)"
282,Washroom Building,"c(-79.4771040399019, 43.6439885165396)"
543,Washroom Building,"c(-79.2550640293662, 43.7590828007797)"
543,Washroom Building,"c(-79.2552356944897, 43.7576027313462)"
241,Washroom Building,"c(-79.4147522409895, 43.646614262852)"
812,Washroom Building,"c(-79.5343898495523, 43.6946702977489)"
772,Washroom Building,"c(-79.4372148846784, 43.7074970955835)"
773,Washroom Building,"c(-79.547551885753, 43.6445432169052)"
451,Washroom Building,"c(-79.3745592657097, 43.6677094432915)"
873,Washroom Building,"c(-79.5590276650424, 43.663590685491)"
492,Washroom Building,"c(-79.3530057962726, 43.7214179860331)"
306,Washroom Building,"c(-79.3475479738944, 43.6755968663628)"
2597,Washroom Building,"c(-79.3720392245532, 43.7677026976735)"
918,Washroom Building,"c(-79.4084020060346, 43.7488605981146)"
731,Washroom Building,"c(-79.2835374005922, 43.6950027752114)"
1865,Washroom Building,"c(-79.2803649953629, 43.7147561719941)"
42,Washroom Building,"c(-79.4469991781889, 43.7811469828441)"
537,Washroom Building,"c(-79.2370320480401, 43.7745423792274)"
402,Washroom Building,"c(-79.2888201538754, 43.6955196464545)"
617,Washroom Building,"c(-79.2993516624195, 43.7607057308933)"
892,Washroom Building,"c(-79.5844361941319, 43.650238628568)"
583,Washroom Building,"c(-79.3263847291977, 43.7135759299844)"
896,Washroom Building,"c(-79.5219504332516, 43.6012240545628)"
45,Washroom Building,"c(-79.3908399064081, 43.6510968431876)"
400,Washroom Building,"c(-79.5456031106779, 43.7270785778504)"
58,Washroom Building,"c(-79.3453167172591, 43.6604561662094)"
63,Washroom Building,"c(-79.3703471606629, 43.6554317151437)"
509,Washroom Building,"c(-79.4514533348232, 43.6753293140043)"
234,Washroom Building,"c(-79.3395868927523, 43.6679126066793)"
1500,Washroom Building,"c(-79.2374578515169, 43.7344757374373)"
891,Washroom Building,"c(-79.5196209220802, 43.6483876693039)"
405,Washroom Building,"c(-79.2741587142418, 43.8297596243158)"
189,Washroom Building,"c(-79.4045977787855, 43.7060688942291)"
345,Washroom Building,"c(-79.3616289191927, 43.6671663148461)"
401,Washroom Building,"c(-79.5001358581014, 43.6835361714838)"
398,Washroom Building,"c(-79.2993502649702, 43.7864178076007)"
287,Washroom Building,"c(-79.4148812000088, 43.6462590380175)"
294,Washroom Building,"c(-79.4393178880704, 43.6673454722487)"
507,Washroom Building,"c(-79.2621838750648, 43.695494031363)"
30,Washroom Building,"c(-79.4203134855572, 43.6623990459451)"
7,Washroom Building,"c(-79.3227635978155, 43.7459269237554)"
600,Washroom Building,"c(-79.2273986769647, 43.7556325177018)"
499,Washroom Building,"c(-79.3712768021262, 43.8001100610795)"
575,Washroom Building,"c(-79.5187469055849, 43.7654285438688)"
822,Washroom Building,"c(-79.5192468946026, 43.6395405749797)"
1063,Washroom Building,"c(-79.5038001264385, 43.7166285030076)"
638,Washroom Building,"c(-79.4558709161666, 43.7087869638728)"
633,Washroom Building,"c(-79.1772581544948, 43.7688450082487)"
664,Washroom Building,"c(-79.4558708338894, 43.7616280080493)"
1076,Washroom Building,"c(-79.3428007227627, 43.7030808380548)"
85,Washroom Building,"c(-79.2997918515666, 43.6871809621621)"
1093,Washroom Building,"c(-79.3018032607417, 43.7176681111587)"
714,Washroom Building,"c(-79.3514128046815, 43.781769478576)"
732,Washroom Building,"c(-79.3368343841118, 43.7870022972575)"
272,Washroom Building,"c(-79.3649512470884, 43.6497677002693)"
1105,Washroom Building,"c(-79.3015701760453, 43.787612438343)"
354,Washroom Building,"c(-79.5624050020057, 43.7353985232236)"
584,Washroom Building,"c(-79.1251579040416, 43.7921217956095)"
171,Washroom Building,"c(-79.433982087692, 43.7546038196439)"
1078,Washroom Building,"c(-79.5165385561378, 43.5951076454316)"
702,Washroom Building,"c(-79.216387792949, 43.8085753658168)"
89,Washroom Building,"c(-79.4332607722799, 43.6406521650276)"
506,Washroom Building,"c(-79.2803246028574, 43.747647983527)"
749,Washroom Building,"c(-79.5845025437265, 43.7522063693988)"
1429,Washroom Building,"c(-79.5153469956673, 43.5935330139716)"
482,Washroom Building,"c(-79.447990134047, 43.6913080327831)"
1068,Washroom Building,"c(-79.4521854972555, 43.6755756926594)"
788,Washroom Building,"c(-79.3050595754378, 43.8126200954216)"
251,Washroom Building,"c(-79.4095114839673, 43.7212959666683)"
808,Washroom Building,"c(-79.5662725979907, 43.6415385578375)"
816,Washroom Building,"c(-79.5249196300552, 43.6641990257647)"
819,Washroom Building,"c(-79.4992695754135, 43.5987971970945)"
817,Washroom Building,"c(-79.5063301422639, 43.6264433282675)"
805,Washroom Building,"c(-79.6047393369362, 43.752720732966)"
814,Washroom Building,"c(-79.5474628116641, 43.6024119631027)"
809,Washroom Building,"c(-79.5779239795761, 43.7244679399916)"
804,Washroom Building,"c(-79.5421363182288, 43.6884617860024)"
693,Washroom Building,"c(-79.4086667253806, 43.7745175459937)"
1220,Washroom Building,"c(-79.386007198418, 43.7014302884151)"
2791,Washroom Building,"c(-79.3436104173862, 43.7725752140569)"
3501,Washroom Building,"c(-79.4820378305782, 43.6878814899798)"
3643,Washroom Building,"c(-79.3947404417531, 43.6397135511861)"
3502,Washroom Building,"c(-79.3616956271316, 43.658283109642)"
3789,Washroom Building,"c(-79.37538738491, 43.6402789231245)"
2039,Washroom Building,"c(-79.3538118735298, 43.6312682623479)"
2541,Washroom Building,"c(-79.3892878335029, 43.6274459421141)"
168,Washroom Building,"c(-79.3822536329186, 43.6935940276598)"
1,Portable Toilet,"c(-79.3107915147552, 43.6599135566521)"
465,Portable Toilet,"c(-79.3498921126401, 43.745602789325)"
2178,Portable Toilet,"c(-79.3218920438135, 43.7585866414318)"
798,Portable Toilet,"c(-79.5871450759427, 43.6486618402761)"
798,Portable Toilet,"c(-79.591915389462, 43.6518165346733)"
798,Portable Toilet,"c(-79.5909283429446, 43.649592444854)"
209,Portable Toilet,"c(-79.3443570919786, 43.636964334568)"
2031,Portable Toilet,"c(-79.4799156222277, 43.6916841206315)"
611,Portable Toilet,"c(-79.5206198653867, 43.6996453832473)"
468,Portable Toilet,"c(-79.4961784961107, 43.7418970717526)"
87,Portable Toilet,"c(-79.4334747570867, 43.6568103245275)"
9,Portable Toilet,"c(-79.4948086404748, 43.6844915626007)"
841,Portable Toilet,"c(-79.5794921712915, 43.7272963964059)"
11,Portable Toilet,"c(-79.4677542963862, 43.7779096195315)"
641,Portable Toilet,"c(-79.3481653115525, 43.7840679969027)"
653,Portable Toilet,"c(-79.4509560292037, 43.7817549878019)"
77,Portable Toilet,"c(-79.4647289567701, 43.6460076020567)"
1663,Portable Toilet,"c(-79.3885300541723, 43.6381835748891)"
1073,Portable Toilet,"c(-79.4757373000766, 43.6224265390134)"
1074,Washroom Building,"c(-79.4805156490399, 43.6195478078334)"
1508,Portable Toilet,"c(-79.6157642078847, 43.7315794451797)"
1080,Portable Toilet,"c(-79.4910090046419, 43.6418816684561)"
716,Portable Toilet,"c(-79.4980819351203, 43.6584528989833)"
6,Portable Toilet,"c(-79.543094183982, 43.5876008464188)"
850,Portable Toilet,"c(-79.5887518923908, 43.7340911868142)"
1088,Portable Toilet,"c(-79.2713801104797, 43.8302311657806)"
723,Portable Toilet,"c(-79.5188675698289, 43.7141754057463)"
859,Portable Toilet,"c(-79.5407500678966, 43.7141941660181)"
1094,Portable Toilet,"c(-79.1350789268062, 43.7766669785423)"
181,Portable Toilet,"c(-79.4739279831887, 43.643633397379)"
22,Portable Toilet,"c(-79.5788113585639, 43.7524421857137)"
1471,Portable Toilet,"c(-79.509877759411, 43.6780919024586)"
2595,Portable Toilet,"c(-79.338588366185, 43.7970252220951)"
71,Portable Toilet,"c(-79.4662242215333, 43.6353213563584)"
504,Portable Toilet,"c(-79.496949313009, 43.6746858051092)"
870,Portable Toilet,"c(-79.5523121433378, 43.7279546582152)"
610,Portable Toilet,"c(-79.522228853449, 43.7085348824001)"
837,Portable Toilet,"c(-79.5176153230724, 43.6462590032849)"
873,Portable Toilet,"c(-79.5583024360279, 43.6612978870878)"
306,Washroom Building,"c(-79.3464199216267, 43.6747268710047)"
311,Portable Toilet,"c(-79.309284337745, 43.663024546426)"
847,Portable Toilet,"c(-79.507694171606, 43.6582483793387)"
87,Portable Toilet,"c(-79.4325386832481, 43.6564522512325)"
87,Portable Toilet,"c(-79.4325976923484, 43.6553034324366)"
427,Portable Toilet,"c(-79.2842677578573, 43.6704428212592)"
143,Portable Toilet,"c(-79.387967641239, 43.6868968155646)"
1079,Washroom Building,"c(-79.1626148530545, 43.7602739669491)"
490,Washroom Building,"c(-79.4377459009679, 43.7460651061355)"
10,Washroom Building,"c(-79.4928604032372, 43.652829599993)"
70,Washroom Building,"c(-79.3297171606569, 43.669494485569)"
74,Washroom Building,"c(-79.3758171251939, 43.6400928101899)"
128,Washroom Building,"c(-79.3983911607265, 43.634054038894)"
6,Washroom Building,"c(-79.5414270225846, 43.5857465995337)"
1088,Washroom Building,"c(-79.2718654970464, 43.83007497694)"
345,Washroom Building,"c(-79.360058068804, 43.6673597324879)"
343,Washroom Building,"c(-79.3555090454883, 43.6677361257402)"
877,Portable Toilet,"c(-79.5452038097877, 43.681877145759)"
353,Washroom Building,"c(-79.3160695217415, 43.6985193301265)"
2441,Washroom Building,"c(-79.322486975331, 43.6517010035399)"
1450,Portable Toilet,"c(-79.5386646056213, 43.7107179890962)"
2766,Washroom Building,"c(-79.4318634241532, 43.7525720461341)"
10,Portable Toilet,"c(-79.4927579517733, 43.6527446567255)"
668,Washroom Building,"c(-79.2880919719457, 43.7726035003558)"
406,Washroom Building,"c(-79.1915107155386, 43.7478000251592)"
77,Washroom Building,"c(-79.4657929537847, 43.6495223884904)"
704,Portable Toilet,"c(-79.3062147915794, 43.7538448913792)"
228,Portable Toilet,"c(-79.3043999957187, 43.6823085139769)"
858,Washroom Building,"c(-79.4956801087859, 43.6389323415567)"
348,Portable Toilet,"c(-79.4429593855465, 43.6481360553189)"
431,Washroom Building,"c(-79.3122155587199, 43.6648655850139)"
824,Washroom Building,"c(-79.5198848039247, 43.6486249897206)"
1074,Portable Toilet,"c(-79.4803942356868, 43.6195528188668)"
768,Washroom Building,"c(-79.2309117268967, 43.7288952426225)"
395,Washroom Building,"c(-79.4559041617442, 43.6377286770607)"
888,Washroom Building,"c(-79.5188525237388, 43.6871798554738)"
586,Washroom Building,"c(-79.3169677889023, 43.7698479363297)"
117,Washroom Building,"c(-79.4055022913115, 43.7082702442736)"
6,Washroom Building,"c(-79.5430533669158, 43.5877043606072)"
348,Washroom Building,"c(-79.4430680893915, 43.6480546291379)"
2024,Washroom Building,"c(-79.3790774765709, 43.6223211904126)"
894,Washroom Building,"c(-79.5948805924789, 43.755437968411)"
2264,Washroom Building,"c(-79.4360220792603, 43.760186124701)"
2039,Washroom Building,"c(-79.3652939100108, 43.6207496600121)"
129,Washroom Building,"c(-79.3300021099471, 43.680254450354)"
78,Washroom Building,"c(-79.3881918071276, 43.7002952556134)"
2012,Washroom Building,"c(-79.3611050600464, 43.6612374502638)"
4,Washroom Building,"c(-79.1649328529314, 43.7771664305403)"
571,Washroom Building,"c(-79.2971863999284, 43.7336807089523)"
196,Washroom Building,"c(-79.4207083657256, 43.6648326747953)"
3555,Washroom Building,"c(-79.4099315960403, 43.7687360176373)"
1508,Washroom Building,"c(-79.615799046778, 43.7315252044596)"
87,Washroom Building,"c(-79.4321989167074, 43.6570614696945)"
174,Washroom Building,"c(-79.3398759182464, 43.6565751180623)"
31,Washroom Building,"c(-79.4045559223611, 43.6513411996811)"
630,Washroom Building,"c(-79.2710156567741, 43.7423072167928)"
143,Washroom Building,"c(-79.3876009253875, 43.6869237745291)"
905,Washroom Building,"c(-79.5669501571183, 43.642375463808)"
605,Washroom Building,"c(-79.2668974286899, 43.7128246427226)"
241,Washroom Building,"c(-79.4136903762387, 43.6495433072206)"
2543,Washroom Building,"c(-79.3736858644003, 43.6233044185949)"
3693,Washroom Building,"c(-79.4774547871273, 43.73417677308)"
77,Washroom Building,"c(-79.4613738157864, 43.6417585374845)"
690,Washroom Building,"c(-79.2485607375889, 43.7436359260073)"
5,Washroom Building,"c(-79.5054660782108, 43.758145025719)"
337,Washroom Building,"c(-79.4279731954461, 43.7521611044862)"
1470,Washroom Building,"c(-79.1972054673291, 43.7778238742401)"
107,Washroom Building,"c(-79.2973069274593, 43.6665815053896)"
72,Washroom Building,"c(-79.42039887978, 43.6527304409324)"
676,Washroom Building,"c(-79.2586561877195, 43.7022480616864)"
276,Washroom Building,"c(-79.3069114442879, 43.7107919681382)"
77,Washroom Building,"c(-79.4669002642805, 43.6451146384811)"
746,Washroom Building,"c(-79.2129720067802, 43.7473004127239)"
393,Washroom Building,"c(-79.4163465207697, 43.6823456887943)"
887,Washroom Building,"c(-79.5471407863093, 43.7032609125586)"
902,Washroom Building,"c(-79.5078926568259, 43.6583556979058)"
889,Washroom Building,"c(-79.5454436523017, 43.6818509288476)"
895,Washroom Building,"c(-79.5953584660785, 43.7486384212487)"
2541,Washroom Building,"c(-79.3888867399223, 43.6121293398704)"
865,Washroom Building,"c(-79.4080557450899, 43.7662110034944)"
210,Washroom Building,"c(-79.3790546661771, 43.6833680650992)"
26,Washroom Building,"c(-79.3570418393452, 43.7186340447905)"
321,Washroom Building,"c(-79.3498334820129, 43.7024612111128)"
899,Washroom Building,"c(-79.544603516948, 43.7124749729566)"
790,Washroom Building,"c(-79.3065499800017, 43.7530993661075)"
906,Washroom Building,"c(-79.4879144917384, 43.6130486254058)"
504,Washroom Building,"c(-79.4976299453474, 43.6748357292924)"
379,Washroom Building,"c(-79.3406971956956, 43.6533926612285)"
19,Washroom Building,"c(-79.2562738217461, 43.6968453344385)"
898,Washroom Building,"c(-79.5914492844324, 43.7212364929401)"
131,Washroom Building,"c(-79.4206659605394, 43.7045498154351)"
352,Washroom Building,"c(-79.3094379147517, 43.8070318323458)"
228,Washroom Building,"c(-79.302779024106, 43.6820602180629)"
9,Washroom Building,"c(-79.4947915225419, 43.6842163008866)"
125,Washroom Building,"c(-79.4640414930473, 43.6590166053575)"
265,Washroom Building,"c(-79.3918810216422, 43.7288339846635)"
2750,Washroom Building,"c(-79.4080742385967, 43.6419819156228)"
254,Washroom Building,"c(-79.3019007376667, 43.6664480845597)"
344,Washroom Building,"c(-79.3594355692465, 43.66529416658)"
149,Washroom Building,"c(-79.3870547668764, 43.7171908390515)"
284,Washroom Building,"c(-79.4529536780257, 43.663981312684)"
698,Washroom Building,"c(-79.3043437343811, 43.8033155420888)"
2,Washroom Building,"c(-79.2274365623839, 43.7130393877531)"
22,Washroom Building,"c(-79.5778950075804, 43.7521986329102)"
468,Washroom Building,"c(-79.5009399579082, 43.7366320196761)"
119,Washroom Building,"c(-79.3990239361547, 43.720799485565)"
9,Washroom Building,"c(-79.5057225179364, 43.6859625604974)"
167,Washroom Building,"c(-79.3949684776235, 43.6762144492983)"
590,Washroom Building,"c(-79.2100687761565, 43.787949404289)"
71,Washroom Building,"c(-79.4657722944741, 43.6351460999687)"
107,Washroom Building,"c(-79.2999590986923, 43.6692870586114)"
1061,Washroom Building,"c(-79.3374075978128, 43.7094352154839)"
295,Washroom Building,"c(-79.4180442284062, 43.6603728284459)"
792,Washroom Building,"c(-79.2243595634828, 43.8136037675646)"
907,Washroom Building,"c(-79.508652871874, 43.6165182697016)"
15,Washroom Building,"c(-79.5013036801886, 43.6585672157335)"
1,Washroom Building,"c(-79.3088776674308, 43.6587314341775)"
245,Washroom Building,"c(-79.3994822355626, 43.6971751275658)"
459,Washroom Building,"c(-79.3416726314824, 43.6412964936637)"
77,Washroom Building,"c(-79.4600764186954, 43.6406666099619)"
327,Washroom Building,"c(-79.334717267577, 43.6918995319441)"
445,Washroom Building,"c(-79.4058713754765, 43.7273497500048)"
708,Washroom Building,"c(-79.2308484479381, 43.8037588511657)"
212,Washroom Building,"c(-79.4093157251772, 43.642777217315)"
67,Washroom Building,"c(-79.319732965816, 43.664652149238)"
1101,Washroom Building,"c(-79.2847263876237, 43.6703347328952)"
519,Washroom Building,"c(-79.3609418641674, 43.784479137147)"
873,Washroom Building,"c(-79.5575552985009, 43.6608466501935)"
311,Washroom Building,"c(-79.3079214174895, 43.6627548607461)"
306,Washroom Building,"c(-79.345618721696, 43.6729014276691)"
2725,Washroom Building,"c(-79.3725983242684, 43.6166996317222)"
2541,Washroom Building,"c(-79.3894737550774, 43.6244602709882)"
1094,Washroom Building,"c(-79.1347767617852, 43.7767339540969)"
901,Washroom Building,"c(-79.5817095651506, 43.6627296387393)"
77,Washroom Building,"c(-79.4670031795092, 43.6436731497638)"
1470,Washroom Building,"c(-79.2017151599002, 43.7776076073142)"
705,Washroom Building,"c(-79.3673015036155, 43.7055891423772)"
29,Washroom Building,"c(-79.2983925804113, 43.6966528577885)"
904,Washroom Building,"c(-79.5618770984528, 43.6606794598954)"
578,Washroom Building,"c(-79.3157145828496, 43.7833030863392)"
557,Washroom Building,"c(-79.2811366036474, 43.682287628248)"
79,Washroom Building,"c(-79.4240906909167, 43.6765898720809)"
2288,Washroom Building,"c(-79.4970522502437, 43.6873223238806)"
202,Washroom Building,"c(-79.2945351256208, 43.7296493565619)"
733,Washroom Building,"c(-79.2839504882317, 43.6972280215161)"
841,Washroom Building,"c(-79.5814915994806, 43.7279728726859)"
699,Washroom Building,"c(-79.3050142225378, 43.8067119053552)"
394,Washroom Building,"c(-79.4557298036927, 43.637878861655)"
137,Washroom Building,"c(-79.4625446328684, 43.6622398364069)"
11,Washroom Building,"c(-79.4554125116511, 43.7804781602159)"
209,Washroom Building,"c(-79.3442960261023, 43.6368881807278)"
798,Washroom Building,"c(-79.5881941620389, 43.6494629870716)"
508,Washroom Building,"c(-79.5184591369223, 43.6980915788503)"
468,Washroom Building,"c(-79.496002515187, 43.7354345006209)"
686,Washroom Building,"c(-79.267979105879, 43.8033130589054)"
2472,Washroom Building,"c(-79.3044140681021, 43.8101178876245)"
909,Washroom Building,"c(-79.5076396153206, 43.5953150168297)"
659,Washroom Building,"c(-79.4213261559979, 43.7812691661652)"
9,Washroom Building,"c(-79.5038472249809, 43.6856273484435)"
437,Washroom Building,"c(-79.3047149311288, 43.6649737705099)"
2541,Washroom Building,"c(-79.391118600407, 43.6191420905938)"
414,Washroom Building,"c(-79.4219664382819, 43.6649269834036)"
557,Washroom Building,"c(-79.2806464847714, 43.683600585463)"
394,Washroom Building,"c(-79.4570473172435, 43.6378181998616)"
2024,Washroom Building,"c(-79.3763099347587, 43.6202871312166)"
870,Washroom Building,"c(-79.5498102763695, 43.7298981657662)"
426,Washroom Building,"c(-79.3004381010408, 43.7007069511891)"
522,Washroom Building,"c(-79.146872072719, 43.7921879337012)"
576,Washroom Building,"c(-79.2602019856236, 43.72658151193)"
900,Washroom Building,"c(-79.568293728383, 43.6828218486637)"
481,Washroom Building,"c(-79.4968696375471, 43.7476454658463)"
87,Washroom Building,"c(-79.4335870980524, 43.6570318420164)"
1460,Washroom Building,"c(-79.3658310866884, 43.7720475450824)"
514,Washroom Building,"c(-79.4515685373609, 43.6741532480424)"
138,Washroom Building,"c(-79.410750056488, 43.7153022567254)"
337,Washroom Building,"c(-79.4327572670661, 43.7541282105335)"
939,Washroom Building,"c(-79.4877435052305, 43.6130248164467)"
3499,Washroom Building,"c(-79.3523281802742, 43.6534823768205)"
1465,Bottle Filling Station,"c(-79.4910486403, 43.6221248484883)"
13,Washroom Building,"c(-79.2888295379025, 43.6828461296087)"
1431,Washroom Building,"c(-79.3913722274797, 43.652668846347)"
2725,Washroom Building,"c(-79.3758766815117, 43.6178166968591)"
523,Washroom Building,"c(-79.275981326026, 43.7881689004069)"
893,Washroom Building,"c(-79.5809522702735, 43.7392963912281)"
487,Washroom Building,"c(-79.4656450249342, 43.7325492347744)"
503,Washroom Building,"c(-79.4218516929441, 43.7393946673658)"
511,Washroom Building,"c(-79.3695142897733, 43.7428484904167)"
1045,Washroom Building,"c(-79.4321611302045, 43.720709351278)"
289,Washroom Building,"c(-79.2637642589749, 43.7682146974894)"
591,Washroom Building,"c(-79.2343053128214, 43.7941068400552)"
350,Washroom Building,"c(-79.5389650144579, 43.7338479307486)"
486,Washroom Building,"c(-79.5115783819432, 43.7239709069814)"
782,Washroom Building,"c(-79.2108136476812, 43.7774369245624)"
760,Washroom Building,"c(-79.51583035806, 43.7424469415127)"
567,Washroom Building,"c(-79.4146712229825, 43.7671972909494)"
36,Washroom Building,"c(-79.3212902185213, 43.6862956867497)"
436,Washroom Building,"c(-79.5107976716868, 43.6775234480307)"
428,Washroom Building,"c(-79.516671707869, 43.6706791766758)"
1463,Washroom Building,"c(-79.4264217869361, 43.7769345342527)"
750,Washroom Building,"c(-79.5886723186875, 43.73476340819)"
308,Washroom Building,"c(-79.3149268247021, 43.6767168368032)"
642,Washroom Building,"c(-79.5664572538547, 43.7473904817197)"
643,Washroom Building,"c(-79.4221906806317, 43.790940039578)"
647,Washroom Building,"c(-79.4902411841396, 43.7519115989417)"
84,Washroom Building,"c(-79.461585882834, 43.6576819397045)"
612,Washroom Building,"c(-79.4420946696769, 43.7180585225694)"
100,Washroom Building,"c(-79.4330814850738, 43.6474182768243)"
1091,Washroom Building,"c(-79.5013746379129, 43.6011217821832)"
703,Washroom Building,"c(-79.5000902961682, 43.7455036218999)"
780,Washroom Building,"c(-79.5133387992257, 43.7477876243155)"
793,Washroom Building,"c(-79.5083548523712, 43.6150942019044)"
744,Washroom Building,"c(-79.4925660190235, 43.729197255408)"
267,Washroom Building,"c(-79.3226332915121, 43.6658964961013)"
325,Washroom Building,"c(-79.30169512212, 43.6920819033131)"
751,Washroom Building,"c(-79.3513210490913, 43.7940328888969)"
1873,Washroom Building,"c(-79.3025517112855, 43.7866782244303)"
771,Washroom Building,"c(-79.3155561391748, 43.7233048678808)"
396,Washroom Building,"c(-79.5719253886914, 43.7257233619441)"
798,Washroom Building,"c(-79.592096241913, 43.6487870930883)"
798,Washroom Building,"c(-79.5870201625807, 43.6489559389141)"
798,Washroom Building,"c(-79.5901550101065, 43.6520569866)"
143,Bottle Filling Station,"c(-79.3876491725071, 43.6868239605879)"
143,Drinking Fountain,"c(-79.3876491725071, 43.6868239605879)"
143,Dog Fountain,"c(-79.3876491725071, 43.6868239605879)"
3730,Bottle Filling Station,"c(-79.5130845851404, 43.6606289854846)"
3730,Drinking Fountain,"c(-79.5130845851404, 43.6606289854846)"
3730,Dog Fountain,"c(-79.5130845851404, 43.6606289854846)"
3786,Bottle Filling Station,"c(-79.4249753647982, 43.6504165650644)"
3786,Drinking Fountain,"c(-79.4249753647982, 43.6504165650644)"
3786,Dog Fountain,"c(-79.4249753647982, 43.6504165650644)"
1707,Drinking Fountain,"c(-79.394958430329, 43.6367514627898)"
421,Washroom Building,"c(-79.315043486276, 43.698371984257)"
798,Washroom Building,"c(-79.5853640076692, 43.6538022412428)"
798,Washroom Building,"c(-79.5851616115085, 43.6534163716965)"
77,Washroom Building,"c(-79.4659165444676, 43.6495880588507)"
823,Washroom Building,"c(-79.5268163206711, 43.6062988970517)"
897,Washroom Building,"c(-79.5471323498343, 43.6017032823988)"
470,Drinking Fountain,"c(-79.4005922240525, 43.7412473108769)"
2597,Bottle Filling Station,"c(-79.3725111704573, 43.7673263304908)"
2713,Bottle Filling Station,"c(-79.3547746754632, 43.7759958120392)"
2584,Drinking Fountain,"c(-79.3343506361478, 43.7610055080548)"
573,Bottle Filling Station,"c(-79.2502404368308, 43.7868287182967)"
2459,Drinking Fountain,"c(-79.2283644419073, 43.7346123234669)"
4,Drinking Fountain,"c(-79.1648661626643, 43.7771740318107)"
619,Drinking Fountain,"c(-79.2999756009988, 43.7767721402758)"
792,Drinking Fountain,"c(-79.2244848780684, 43.8136691611851)"
490,Bottle Filling Station,"c(-79.4376361982622, 43.7460482653757)"
1480,Bottle Filling Station,"c(-79.2255964919701, 43.8220212707528)"
578,Drinking Fountain,"c(-79.3161847318039, 43.7832173288686)"
676,Bottle Filling Station,"c(-79.258868979778, 43.7031431602397)"
676,Bottle Filling Station,"c(-79.2583102508799, 43.7020793579276)"
1088,Bottle Filling Station,"c(-79.271841609019, 43.8300114455656)"
2025,Drinking Fountain,"c(-79.1778979259665, 43.7692143892528)"
586,Bottle Filling Station,"c(-79.3160399370816, 43.7695710027485)"
522,Bottle Filling Station,"c(-79.1465894845983, 43.792261775023)"
682,Bottle Filling Station,"c(-79.2198022382618, 43.8128361239629)"
514,Bottle Filling Station,"c(-79.4514809979631, 43.6741210221827)"
713,Bottle Filling Station,"c(-79.4861750171431, 43.6820664666311)"
713,Drinking Fountain,"c(-79.4861750171431, 43.6820664666311)"
713,Dog Fountain,"c(-79.4861750171431, 43.6820664666311)"
1486,Drinking Fountain,"c(-79.480318062291, 43.6364799288855)"
2541,Water Tap,"c(-79.39029344986, 43.6226290559753)"
2541,Water Tap,"c(-79.3902826395464, 43.6216999726092)"
2541,Water Tap,"c(-79.3902403940986, 43.6205601962376)"
2541,Water Tap,"c(-79.390211863871, 43.6191281740732)"
2541,Water Tap,"c(-79.3903520451913, 43.617865050378)"
2541,Water Tap,"c(-79.3885614883298, 43.6162187758448)"
2541,Water Tap,"c(-79.3875878467194, 43.6159090488425)"
2543,Water Tap,"c(-79.3752539754728, 43.6225872936256)"
2725,Water Tap,"c(-79.3753527593656, 43.6182117758304)"
2039,Water Tap,"c(-79.3642912670525, 43.6215685537617)"
2024,Water Tap,"c(-79.376579137201, 43.6202268354738)"
2024,Water Tap,"c(-79.3755498387665, 43.6206122662399)"
3780,Bottle Filling Station,"c(-79.3729936133487, 43.6716237905422)"
3799,Bottle Filling Station,"c(-79.379593229198, 43.6410198861012)"
798,Portable Toilet,"c(-79.591889717508, 43.6489329067701)"
41,Portable Toilet,"c(-79.3749962988973, 43.6614637458795)"
508,Portable Toilet,"c(-79.5185912286203, 43.6981911692876)"
484,Portable Toilet,"c(-79.4809709233239, 43.7073797809409)"
292,Drinking Fountain,"c(-79.3363035661159, 43.6775511543835)"
3728,Bottle Filling Station,"c(-79.351631342375, 43.6583660108605)"
3728,Drinking Fountain,"c(-79.351631342375, 43.6583660108605)"
155,Bottle Filling Station,"c(-79.3451772458302, 43.660861210755)"
2825,Bottle Filling Station,"c(-79.4041195899854, 43.6372151597808)"
2825,Drinking Fountain,"c(-79.4041195899854, 43.6372151597808)"
343,Bottle Filling Station,"c(-79.355737818219, 43.6677815194617)"
70,Dog Fountain,"c(-79.3286865950117, 43.6676911725142)"
183,Dog Fountain,"c(-79.3992961406069, 43.6461857750761)"
3788,Bottle Filling Station,"c(-79.3965727011417, 43.7037391336616)"
41,Bottle Filling Station,"c(-79.3735581723909, 43.6611386703175)"
41,Drinking Fountain,"c(-79.3735581723909, 43.6611386703175)"
NA,Bottle Filling Station,"c(-79.2784336308059, 43.7658194373098)"
NA,Bottle Filling Station,"c(-79.4134345711175, 43.7779638945551)"
NA,Drinking Fountain,"c(-79.4134345711175, 43.7779638945551)"
NA,Bottle Filling Station,"c(-79.3491098377232, 43.7193264888577)"
813,Portable Toilet,"c(-79.5201568533787, 43.68176690546)"
1053,Portable Toilet,"c(-79.4485983358912, 43.6629606474189)"
196,Portable Toilet,"c(-79.4204094994157, 43.6646857407659)"
86,Portable Toilet,"c(-79.4332930822816, 43.6647067891508)"
514,Portable Toilet,"c(-79.4498318797585, 43.6721020031484)"
117,Portable Toilet,"c(-79.4050747897221, 43.707911578262)"
2288,Portable Toilet,"c(-79.4968261205757, 43.687404984009)"
70,Portable Toilet,"c(-79.3299497123404, 43.6689839305892)"
2715,Portable Toilet,"c(-79.534916750529, 43.7322089590284)"
3555,Portable Toilet,"c(-79.4096707399318, 43.7689701672768)"
128,Portable Toilet,"c(-79.3985431004423, 43.6339683546041)"
471,Portable Toilet,"c(-79.4385643420642, 43.6336577488365)"
379,Portable Toilet,"c(-79.3397949110897, 43.6537853410575)"
145,Portable Toilet,"c(-79.3243983200199, 43.678351839774)"
1470,Portable Toilet,"c(-79.1954086851013, 43.7791445236084)"
1707,Portable Toilet,"c(-79.396072833327, 43.6366951082959)"
792,Portable Toilet,"c(-79.2251066900802, 43.8144628668739)"
2674,Portable Toilet,"c(-79.3908497731623, 43.6637372823951)"
355,Portable Toilet,"c(-79.5695812022712, 43.7286953603292)"
386,Portable Toilet,"c(-79.385381052751, 43.6419337900421)"
759,Portable Toilet,"c(-79.3559097595342, 43.7947312646822)"
306,Portable Toilet,"c(-79.3467039606168, 43.6754547904379)"
